01/01/2012,15,40,5,15.666666666666666
01/02/2012,3,20,10,13.666666666666666
01/03/2012,5,20,6,11.2
01/04/2012,4,22,10,15.5
01/05/2012,4,35,5,20
01/06/2012,14,40,5,21.5
01/07/2012,17,45,6,20.470588235294116
01/08/2012,14,20,0,11.571428571428571
01/09/2012,21,20,7,10.857142857142858
01/10/2012,15,40,9,17.6
01/11/2012,2,10,-999,-494.5
01/12/2012,5,30,10,20
01/13/2012,13,30,-999,-61.46153846153846
01/14/2012,13,40,0,19.153846153846153
01/15/2012,7,30,-999,-269
01/16/2012,7,30,0,13.571428571428571
01/17/2012,3,10,10,10
01/19/2012,5,10,6,9.2
01/20/2012,14,11,5,8.857142857142858
01/21/2012,6,30,10,15
01/22/2012,3,30,10,20
01/23/2012,2,20,-999,-489.5
01/24/2012,3,50,6,28.666666666666668
01/25/2012,10,30,9,14.4
01/26/2012,21,40,5,15.80952380952381
01/27/2012,18,20,4,11.222222222222221
01/28/2012,5,10,5,9
01/29/2012,5,20,1,9
01/30/2012,7,10,0,7.714285714285714
01/31/2012,6,20,10,12.166666666666666
02/01/2012,5,30,10,20
02/02/2012,5,20,10,16
02/03/2012,8,30,10,13.75
02/04/2012,8,20,5,10.375
02/05/2012,5,40,10,25
02/06/2012,10,10,-999,-595.4
02/08/2012,3,10,10,10
02/09/2012,4,30,10,17.5
02/10/2012,3,20,5,15
02/11/2012,3,10,7,9
02/12/2012,3,20,10,13.333333333333334
02/13/2012,4,10,5,8
02/14/2012,2,20,15,17.5
02/15/2012,2,20,5,12.5
02/16/2012,6,30,-999,-151
02/17/2012,2,20,10,15
02/18/2012,11,45,0,17.636363636363637
02/19/2012,5,44,10,29.6
02/20/2012,12,90,0,34.166666666666664
02/21/2012,4,10,10,10
02/22/2012,4,20,7,13
02/23/2012,8,20,-999,-115.375
02/24/2012,3,25,5,14
02/25/2012,20,30,-999,-187.6
02/26/2012,2,10,10,10
02/27/2012,3,10,5,8.333333333333334
02/28/2012,4,10,5,8.75
02/29/2012,5,20,4,9.6
03/01/2012,3,20,10,13.333333333333334
03/02/2012,4,15,10,11.25
03/03/2012,14,20,-999,-60.714285714285715
03/04/2012,11,20,5,11.818181818181818
03/05/2012,11,20,1,8
03/06/2012,13,40,6,17.153846153846153
03/07/2012,3,10,2,5.666666666666667
03/09/2012,2,10,10,10
03/10/2012,5,20,4,8.8
03/11/2012,2,10,10,10
03/12/2012,2,20,10,15
03/13/2012,7,40,-999,-121.28571428571429
03/14/2012,5,30,10,15
03/15/2012,3,25,4,13
03/16/2012,3,40,10,23.333333333333332
03/17/2012,3,10,10,10
03/18/2012,2,10,10,10
03/20/2012,10,45,-999,-175.8
03/22/2012,2,10,10,10
03/23/2012,3,10,5,8.333333333333334
03/24/2012,3,10,10,10
03/25/2012,9,40,4,13.666666666666666
03/26/2012,3,40,10,26.666666666666668
03/27/2012,4,20,10,12.5
03/28/2012,5,20,-999,-389.6
03/29/2012,7,35,-999,-124.14285714285714
03/30/2012,10,20,5,11.5
03/31/2012,4,30,-999,-237.25
04/01/2012,5,40,10,24
04/02/2012,4,50,10,36.25
04/03/2012,13,60,5,28.846153846153847
04/04/2012,9,50,-999,-427.77777777777777
04/05/2012,14,40,0,14.5
04/06/2012,11,30,6,17.818181818181817
04/07/2012,10,30,10,19
04/08/2012,16,30,10,18.125
04/09/2012,10,30,4,12.6
04/10/2012,17,30,10,16.470588235294116
04/11/2012,3,20,0,13.333333333333334
04/12/2012,3,25,14,19.666666666666668
04/13/2012,11,20,2,11.090909090909092
04/14/2012,10,20,10,15.6
04/15/2012,9,20,10,13.333333333333334
04/16/2012,7,10,6,8.857142857142858
04/18/2012,13,30,10,17.23076923076923
04/19/2012,8,30,7,15.875
04/20/2012,8,21,5,10.75
04/21/2012,8,20,10,15.25
04/22/2012,8,20,7,14.625
04/23/2012,8,20,-999,-115.25
04/24/2012,12,10,5,8.25
04/25/2012,5,20,9,11.8
04/26/2012,13,10,5,9.461538461538462
04/27/2012,3,10,0,6.666666666666667
04/28/2012,8,40,5,19.375
04/29/2012,11,40,7,17.90909090909091
04/30/2012,12,20,-999,-72.83333333333333
05/01/2012,9,10,3,8.88888888888889
05/02/2012,3,20,10,16.666666666666668
05/03/2012,9,10,5,9.444444444444445
05/04/2012,3,20,10,13.333333333333334
05/05/2012,7,10,5,8.714285714285714
05/07/2012,6,10,6,8.666666666666666
05/08/2012,2,10,5,7.5
05/09/2012,5,20,5,11
05/10/2012,3,10,10,10
05/11/2012,6,18,0,9.166666666666666
05/12/2012,5,20,10,14
05/13/2012,10,20,-999,-90.1
05/14/2012,4,10,10,10
05/16/2012,2,10,10,10
05/17/2012,13,20,2,10.76923076923077
05/18/2012,6,10,4,8.5
05/19/2012,6,30,5,22
05/20/2012,6,40,1,16.333333333333332
05/21/2012,16,20,7,16.125
05/22/2012,7,20,10,11.428571428571429
05/23/2012,9,20,10,14.444444444444445
05/24/2012,10,40,3,16.3
05/25/2012,19,30,5,13.578947368421053
05/26/2012,9,45,1,13.666666666666666
05/27/2012,9,30,5,13.333333333333334
05/28/2012,4,30,8,18
05/29/2012,9,40,7,15.222222222222221
05/30/2012,9,20,10,16.555555555555557
05/31/2012,9,20,10,11.11111111111111
06/01/2012,2,11,10,10.5
06/02/2012,14,30,-999,-60.642857142857146
06/03/2012,23,20,7,15.08695652173913
06/04/2012,3,20,6,12
06/05/2012,13,45,5,19.153846153846153
06/06/2012,8,30,7,14.625
06/07/2012,5,40,20,29.8
06/08/2012,25,20,0,14.28
06/09/2012,18,50,10,24.88888888888889
06/10/2012,20,30,10,16.9
06/11/2012,9,50,10,27.666666666666668
06/12/2012,7,50,10,22.857142857142858
06/13/2012,3,45,20,36.666666666666664
06/14/2012,4,20,-999,-238.75
06/15/2012,15,20,5,9.666666666666666
06/16/2012,3,10,10,10
06/17/2012,4,10,5,8.75
06/18/2012,11,30,3,12.727272727272727
06/19/2012,4,20,10,12.5
06/20/2012,4,30,5,17
06/21/2012,2,30,10,20
06/22/2012,12,30,3,15.083333333333334
06/23/2012,9,15,3,9.333333333333334
06/25/2012,2,10,5,7.5
06/26/2012,4,60,10,33
06/27/2012,3,80,40,63.333333333333336
06/28/2012,8,50,-999,-99.875
06/29/2012,11,20,-999,-81.81818181818181
06/30/2012,6,20,10,11.666666666666666
07/01/2012,10,20,5,13.6
07/02/2012,8,45,10,24.375
07/03/2012,9,30,20,26.666666666666668
07/04/2012,9,10,-999,-102.77777777777777
07/05/2012,10,45,5,20.9
07/06/2012,16,40,10,19
07/07/2012,7,15,10,11.428571428571429
07/08/2012,13,30,10,21.923076923076923
07/09/2012,4,20,3,10.75
07/10/2012,7,45,5,20
07/11/2012,6,40,10,23
07/12/2012,12,50,10,23.333333333333332
07/13/2012,9,30,5,11.666666666666666
07/14/2012,3,35,20,25
07/15/2012,13,20,4,11.307692307692308
07/16/2012,17,60,4,25.529411764705884
07/17/2012,4,10,1,7
07/18/2012,4,30,-999,-486.75
07/19/2012,14,60,-999,-123
07/20/2012,18,40,6,20.444444444444443
07/21/2012,10,40,-999,-82.9
07/22/2012,4,50,10,25
07/23/2012,10,20,6,17.7
07/24/2012,8,90,10,32
07/25/2012,5,50,20,38
07/26/2012,11,40,4,21.727272727272727
07/27/2012,12,30,9,20.75
07/28/2012,3,20,5,15
07/29/2012,6,10,0,7.333333333333333
07/30/2012,8,20,5,16.875
07/31/2012,11,22,-999,-80.72727272727273
08/01/2012,5,30,10,22
08/02/2012,8,50,-999,-103.125
08/03/2012,7,20,4,9.428571428571429
08/04/2012,6,10,0,5.5
08/06/2012,15,50,10,17.466666666666665
08/07/2012,19,110,-999,-32.89473684210526
08/08/2012,31,80,13,48.16129032258065
08/09/2012,29,40,7,18.517241379310345
08/10/2012,26,90,10,15.846153846153847
08/11/2012,21,20,0,10.714285714285714
08/12/2012,27,20,6,11.88888888888889
08/13/2012,23,60,10,19.130434782608695
08/14/2012,22,30,5,13.545454545454545
08/15/2012,27,50,-999,-12.296296296296296
08/16/2012,31,20,6,13.451612903225806
08/17/2012,26,30,-999,-23.53846153846154
08/18/2012,21,50,10,15.714285714285714
08/19/2012,27,25,2,13.74074074074074
08/20/2012,17,40,-999,-43.588235294117645
08/21/2012,24,150,10,17.916666666666668
08/22/2012,24,60,10,25.416666666666668
08/23/2012,30,30,6,13.4
08/24/2012,36,80,5,13.916666666666666
08/25/2012,35,30,2,12.485714285714286
08/26/2012,29,30,10,16.586206896551722
08/27/2012,27,20,1,9.851851851851851
08/28/2012,28,30,6,11.75
08/29/2012,14,100,6,16.142857142857142
08/28/2012,19,10,5,9.473684210526315
08/28/2012,35,100,10,18.857142857142858
08/29/2012,76,50,10,24.342105263157894
08/30/2012,79,30,0,12.91139240506329
08/31/2012,72,20,5,11.38888888888889
09/01/2012,87,20,5,10.275862068965518
09/02/2012,89,40,0,12.98876404494382
09/03/2012,68,20,10,10.735294117647058
09/04/2012,54,30,5,9.907407407407407
09/05/2012,51,10,5,8.627450980392156
09/06/2012,48,10,10,10
09/07/2012,50,20,7,10.74
09/08/2012,66,20,6,12.606060606060606
09/09/2012,54,10,5,9.814814814814815
09/10/2012,39,20,-999,-64.84615384615384
09/11/2012,56,30,1,11.464285714285714
09/12/2012,60,20,3,13
09/13/2012,50,20,10,10.4
09/14/2012,72,20,2,10.76388888888889
09/15/2012,55,20,5,10.49090909090909
09/16/2012,63,30,5,12.761904761904763
09/17/2012,67,30,5,10.447761194029852
09/18/2012,53,80,5,12.830188679245284
09/19/2012,57,10,1,9.228070175438596
09/20/2012,52,20,5,12.692307692307692
09/21/2012,72,20,1,10.180555555555555
09/22/2012,70,20,-999,-3.757142857142857
09/23/2012,34,20,-999,-48.6764705882353
09/24/2012,70,20,1,10.714285714285714
09/25/2012,60,30,0,11.966666666666667
09/26/2012,48,20,4,12.166666666666666
09/27/2012,60,40,5,11.633333333333333
09/28/2012,51,30,-999,-8.294117647058824
09/29/2012,80,50,3,14.625
09/30/2012,50,20,5,10.8
10/01/2012,56,20,2,10.392857142857142
10/02/2012,52,20,10,12.788461538461538
10/03/2012,50,30,5,11.9
10/04/2012,39,20,-999,-12.23076923076923
10/05/2012,57,50,4,19.894736842105264
10/06/2012,36,40,-999,-64.63888888888889
10/07/2012,37,20,0,11.45945945945946
10/08/2012,52,30,5,13.557692307692308
10/09/2012,63,20,5,12.476190476190476
10/10/2012,60,20,0,13.933333333333334
10/11/2012,60,30,5,13.633333333333333
10/12/2012,57,60,10,18.24561403508772
10/13/2012,80,40,5,15.8125
10/14/2012,63,40,5,19.523809523809526
10/15/2012,54,40,5,14.814814814814815
10/16/2012,57,30,5,12.666666666666666
10/17/2012,70,20,5,13.442857142857143
10/18/2012,62,40,6,14.903225806451612
10/19/2012,53,60,-999,-18.037735849056602
10/20/2012,82,50,5,21.670731707317074
10/21/2012,66,50,7,18.40909090909091
10/22/2012,64,30,5,13.296875
10/23/2012,62,40,5,18.258064516129032
10/24/2012,66,20,0,12.257575757575758
10/25/2012,56,40,5,17.321428571428573
10/26/2012,77,30,5,17
10/27/2012,76,60,5,21.82894736842105
10/28/2012,56,45,3,22.107142857142858
10/29/2012,61,40,10,16.80327868852459
10/30/2012,51,45,5,20.235294117647058
10/31/2012,54,30,5,17.074074074074073
11/01/2012,49,20,5,14.285714285714286
11/02/2012,71,50,-999,1.2394366197183098
11/03/2012,70,45,4,19.12857142857143
11/04/2012,67,50,1,24.64179104477612
11/05/2012,56,20,10,11.964285714285714
11/06/2012,59,30,5,13.847457627118644
11/07/2012,51,30,5,16.137254901960784
11/08/2012,43,40,5,21.162790697674417
11/09/2012,78,20,3,14.91025641025641
11/10/2012,67,35,3,15.313432835820896
11/11/2012,49,30,5,15.10204081632653
11/11/2012,14,19,4,10.214285714285714
11/12/2012,55,30,-999,-1.8181818181818181
11/13/2012,49,30,2,12.16326530612245
11/14/2012,63,20,7,12.26984126984127
11/15/2012,43,20,10,14.186046511627907
11/16/2012,45,20,-999,-10.555555555555555
11/17/2012,64,40,5,15.5
11/18/2012,63,45,10,18.396825396825395
11/19/2012,81,80,4,31.839506172839506
11/20/2012,55,60,5,24.818181818181817
11/21/2012,63,70,10,34.111111111111114
11/22/2012,65,30,5,16.06153846153846
11/23/2012,63,60,2,23.96825396825397
11/24/2012,39,70,-999,3.769230769230769
11/25/2012,23,20,7,14.391304347826088
11/26/2012,43,20,2,10.232558139534884
11/27/2012,41,20,0,12.926829268292684
11/28/2012,46,20,0,9.23913043478261
11/29/2012,39,20,1,12.205128205128204
11/30/2012,53,15,3,9.452830188679245
12/01/2012,57,20,5,9.929824561403509
12/02/2012,51,30,5,11.843137254901961
12/03/2012,24,10,0,8.333333333333334
12/04/2012,44,80,5,14.568181818181818
12/05/2012,53,20,0,10.773584905660377
12/06/2012,43,20,3,11.813953488372093
12/07/2012,59,20,1,10.186440677966102
12/08/2012,48,20,0,11.125
12/09/2012,59,20,5,11.423728813559322
12/10/2012,53,10,1,9.132075471698114
12/11/2012,45,20,1,9.444444444444445
12/12/2012,53,20,6,10.320754716981131
12/13/2012,45,100,5,12.666666666666666
12/14/2012,53,20,4,11.81132075471698
12/15/2012,64,30,1,12.140625
12/16/2012,49,20,-999,-7.020408163265306
12/17/2012,31,20,0,10.483870967741936
12/18/2012,56,30,-999,-5.5
12/19/2012,56,20,3,11.017857142857142
12/20/2012,44,20,9,10.886363636363637
12/21/2012,51,30,4,11.843137254901961
12/22/2012,60,30,5,13.283333333333333
12/23/2012,49,60,2,28.102040816326532
12/24/2012,67,45,5,16.28358208955224
12/25/2012,65,40,-999,2.1076923076923078
12/26/2012,67,20,-999,-2.8805970149253732
12/27/2012,57,100,-999,21.24561403508772
12/28/2012,57,100,-999,23.087719298245613
12/29/2012,74,50,4,17
12/30/2012,74,90,4,44.78378378378378
12/31/2012,69,30,4,15.46376811594203
01/01/2013,64,50,-999,-61.3125
01/02/2013,64,65,5,33.609375
01/03/2013,54,70,5,32.111111111111114
01/04/2013,57,70,5,34.54385964912281
01/05/2013,55,60,5,30.6
01/06/2013,58,20,3,9.206896551724139
01/07/2013,64,35,1,12.296875
01/08/2013,51,40,5,16.80392156862745
01/09/2013,49,20,5,9.83673469387755
01/10/2013,34,20,10,12.058823529411764
01/11/2013,47,25,6,12.212765957446809
01/12/2013,60,45,0,15.933333333333334
01/13/2013,43,25,0,10.604651162790697
01/14/2013,36,120,3,15.36111111111111
01/15/2013,52,20,4,10.692307692307692
01/16/2013,41,20,10,10.487804878048781
01/17/2013,39,30,5,13.23076923076923
01/18/2013,45,30,5,15.666666666666666
01/19/2013,67,70,5,30.328358208955223
01/20/2013,75,60,5,29.56
01/21/2013,57,45,5,21.789473684210527
01/22/2013,30,30,5,19.266666666666666
01/23/2013,36,40,6,14.527777777777779
01/24/2013,45,30,10,12
01/25/2013,48,30,2,12.333333333333334
01/26/2013,53,30,2,12.49056603773585
01/27/2013,62,70,4,12.419354838709678
01/28/2013,36,20,4,11.583333333333334
01/29/2013,38,10,5,9.868421052631579
01/30/2013,42,20,10,12.619047619047619
01/31/2013,48,20,3,13.625
02/01/2013,36,20,10,11.11111111111111
02/02/2013,57,20,5,12.456140350877194
02/03/2013,55,40,1,16.636363636363637
02/04/2013,47,30,8,12.085106382978724
02/05/2013,33,30,10,12.727272727272727
02/06/2013,44,25,3,12.340909090909092
02/07/2013,44,10,5,9.772727272727273
02/08/2013,44,45,6,19.568181818181817
02/09/2013,58,35,0,16.17241379310345
02/10/2013,51,50,10,22.980392156862745
02/11/2013,67,100,2,18.16417910447761
02/12/2013,50,60,5,17.8
02/13/2013,53,50,5,22.07547169811321
02/14/2013,49,20,5,13.16326530612245
02/15/2013,52,50,5,17.423076923076923
02/16/2013,60,70,5,29
02/17/2013,52,50,5,21.865384615384617
02/18/2013,62,70,10,24.14516129032258
02/19/2013,49,30,5,13.673469387755102
02/20/2013,58,30,5,13.379310344827585
02/21/2013,51,10,5,9.901960784313726
02/22/2013,31,10,3,9.741935483870968
02/23/2013,58,20,5,10.431034482758621
02/24/2013,55,20,0,9.89090909090909
02/25/2013,18,10,3,8.61111111111111
02/27/2013,59,20,4,11.491525423728813
02/28/2013,40,30,4,12.425
03/01/2013,23,30,-999,-423.4782608695652
03/02/2013,58,40,3,12.482758620689655
03/03/2013,61,40,10,15.360655737704919
03/04/2013,47,20,4,13.063829787234043
03/05/2013,47,30,5,11.085106382978724
03/06/2013,58,20,10,11.551724137931034
03/07/2013,45,20,10,11.266666666666667
03/08/2013,64,90,6,20.65625
03/09/2013,4,30,1,13.25
03/10/2013,67,30,0,17.71641791044776
03/11/2013,59,45,4,17.440677966101696
03/12/2013,73,45,5,12.972602739726028
03/13/2013,52,70,5,32.01923076923077
03/14/2013,62,52,5,19.887096774193548
03/15/2013,44,30,-999,-79.56818181818181
03/16/2013,46,20,5,12.065217391304348
03/17/2013,44,20,10,11.818181818181818
03/18/2013,29,20,10,12.068965517241379
03/19/2013,46,30,5,10.978260869565217
03/20/2013,52,20,1,13.115384615384615
03/21/2013,42,20,6,12.285714285714286
03/22/2013,47,20,5,13.829787234042554
03/23/2013,49,40,5,14.89795918367347
03/24/2013,58,30,10,15.10344827586207
03/25/2013,57,80,10,32.45614035087719
03/26/2013,67,100,10,41.791044776119406
03/27/2013,70,90,10,40.3
03/28/2013,68,80,6,27.66176470588235
03/29/2013,62,50,4,20.43548387096774
03/30/2013,58,40,5,18.448275862068964
03/31/2013,73,40,5,16.356164383561644
04/01/2013,62,60,0,24.193548387096776
04/02/2013,4,40,10,29.75
04/03/2013,65,60,10,31.53846153846154
04/04/2013,61,40,5,16.852459016393443
04/05/2013,67,50,5,20.01492537313433
04/06/2013,54,30,-999,-5.092592592592593
04/07/2013,51,20,5,12.156862745098039
04/08/2013,5,10,-999,-191.8
04/10/2013,15,10,5,9
04/11/2013,44,20,0,11.204545454545455
04/12/2013,30,30,10,13.666666666666666
04/13/2013,93,20,5,15.397849462365592
04/14/2013,86,30,7,14.034883720930232
04/15/2013,103,20,5,10.631067961165048
04/16/2013,81,40,10,11.358024691358025
04/17/2013,109,30,5,11.889908256880734
04/18/2013,92,20,1,10.347826086956522
04/19/2013,114,20,3,12.456140350877194
04/20/2013,83,30,-999,4.409638554216867
04/21/2013,101,30,5,13.722772277227723
04/22/2013,97,30,3,10.804123711340207
04/23/2013,101,20,10,10.792079207920793
04/24/2013,92,10,10,10
04/25/2013,89,30,10,12.92134831460674
04/26/2013,88,30,5,14.977272727272727
04/27/2013,144,50,-999,5.729166666666667
04/28/2013,105,40,5,15.228571428571428
04/29/2013,94,20,5,10
04/30/2013,82,20,5,10.121951219512194
05/01/2013,89,20,0,11.730337078651685
05/02/2013,90,30,5,11.855555555555556
05/03/2013,88,30,5,14.545454545454545
05/04/2013,140,25,5,11.221428571428572
05/05/2013,80,30,-999,3.5125
05/06/2013,105,30,5,12.59047619047619
05/07/2013,81,70,7,13.666666666666666
05/08/2013,90,30,5,11.333333333333334
05/09/2013,90,30,4,12.088888888888889
05/10/2013,93,20,5,12.688172043010752
05/11/2013,92,50,10,14.815217391304348
05/12/2013,99,25,1,11.575757575757576
05/13/2013,98,20,4,11.39795918367347
05/14/2013,81,20,10,11.246913580246913
05/15/2013,82,20,5,11.707317073170731
05/16/2013,103,40,10,16.300970873786408
05/17/2013,83,30,8,14.337349397590362
05/18/2013,114,60,4,13.587719298245615
05/19/2013,113,40,1,14.814159292035399
05/20/2013,96,20,5,10.78125
05/21/2013,94,40,3,12.26595744680851
05/22/2013,96,20,4,11.947916666666666
05/23/2013,86,40,-999,-7.930232558139535
05/24/2013,69,70,-999,-37.08695652173913
05/25/2013,104,40,-999,8.086538461538462
05/26/2013,102,70,-999,19.99019607843137
05/27/2013,109,70,10,29.63302752293578
05/28/2013,100,70,7,25.65
05/29/2013,82,45,2,15.573170731707316
05/30/2013,90,20,5,11.644444444444444
05/31/2013,95,50,5,18
06/01/2013,98,55,5,18.918367346938776
06/02/2013,104,60,5,23.221153846153847
06/03/2013,113,30,5,17.991150442477878
06/04/2013,83,50,10,19.3855421686747
06/05/2013,100,20,0,14.01
06/06/2013,98,15,5,9.959183673469388
06/07/2013,101,50,4,21.306930693069308
06/08/2013,105,60,-999,11.628571428571428
06/09/2013,99,40,5,14.95959595959596
06/10/2013,109,60,4,22.990825688073393
06/11/2013,104,70,10,32.64423076923077
06/12/2013,110,120,5,36.38181818181818
06/13/2013,95,60,6,22.71578947368421
06/14/2013,102,50,2,15.980392156862745
06/15/2013,84,30,5,13.75
06/16/2013,95,45,2,12.536842105263158
06/17/2013,107,40,5,19.121495327102803
06/18/2013,101,60,1,20.77227722772277
06/19/2013,103,70,5,26.368932038834952
06/20/2013,89,50,5,19.831460674157302
06/21/2013,76,40,5,21.63157894736842
06/22/2013,90,45,2,18.855555555555554
06/23/2013,87,40,5,16.896551724137932
06/24/2013,103,30,5,17.50485436893204
06/25/2013,94,40,5,17.659574468085108
06/26/2013,112,60,2,23.758928571428573
06/27/2013,102,50,5,24.441176470588236
06/28/2013,91,50,4,18.615384615384617
06/29/2013,78,60,-999,11.076923076923077
06/30/2013,85,30,5,18.458823529411763
07/01/2013,86,40,-999,6.813953488372093
07/02/2013,85,120,1,24.49411764705882
07/03/2013,97,100,-999,27.649484536082475
07/04/2013,88,30,4,15.715909090909092
07/05/2013,94,45,5,21.43617021276596
07/06/2013,86,60,5,20.453488372093023
07/07/2013,84,30,5,13.595238095238095
07/08/2013,95,40,5,17.610526315789475
07/09/2013,59,60,5,27.983050847457626
07/10/2013,114,90,-999,25.18421052631579
07/11/2013,95,130,5,22.86315789473684
07/12/2013,93,45,2,17.311827956989248
07/13/2013,86,30,5,15
07/14/2013,93,50,5,13.451612903225806
07/15/2013,95,50,5,19.46315789473684
07/16/2013,82,60,5,22.682926829268293
07/17/2013,114,110,1,39.675438596491226
07/18/2013,92,80,3,26.82608695652174
07/19/2013,82,60,5,21.76829268292683
07/20/2013,71,50,-999,-21.154929577464788
07/21/2013,83,30,5,10.963855421686747
07/22/2013,102,70,5,22.372549019607842
07/23/2013,98,50,4,20.806122448979593
07/24/2013,91,70,5,28.483516483516482
07/25/2013,95,30,5,16.305263157894736
07/26/2013,90,50,5,19.9
07/27/2013,74,60,-999,-6.121621621621622
07/28/2013,72,50,-999,10.597222222222221
07/29/2013,94,60,-999,15.712765957446809
07/30/2013,84,45,1,21.75
07/31/2013,105,60,5,22.6
08/01/2013,92,30,5,15.380434782608695
08/02/2013,85,30,-999,1.7411764705882353
08/03/2013,89,50,5,15.292134831460674
08/04/2013,79,40,-999,5.886075949367089
08/05/2013,90,40,10,19.066666666666666
08/06/2013,103,70,5,23.145631067961165
08/07/2013,112,60,5,23.642857142857142
08/08/2013,83,30,3,17.83132530120482
08/09/2013,92,40,4,17.717391304347824
08/10/2013,97,50,5,18.762886597938145
08/11/2013,84,35,4,15.75
08/12/2013,95,40,10,20
08/13/2013,90,40,2,17.066666666666666
08/14/2013,101,50,5,23.366336633663366
08/15/2013,101,30,5,14.415841584158416
08/16/2013,82,40,5,12.182926829268293
08/17/2013,99,40,4,19.141414141414142
08/18/2013,15,30,-999,-115.53333333333333
08/19/2013,103,60,5,15.757281553398059
08/20/2013,76,40,5,18.105263157894736
08/21/2013,93,50,-999,11.96774193548387
08/22/2013,86,60,-999,-0.8488372093023255
08/23/2013,74,50,-999,1.3108108108108107
08/24/2013,89,20,5,11.382022471910112
08/25/2013,83,40,-999,5.734939759036145
08/26/2013,81,30,0,15.641975308641975
08/27/2013,72,20,5,12.180555555555555
08/28/2013,81,60,-999,5.074074074074074
08/29/2013,69,30,5,15.043478260869565
08/30/2013,67,10,5,9.925373134328359
08/31/2013,93,30,-999,3.3333333333333335
09/01/2013,99,40,-999,-3.909090909090909
09/02/2013,87,30,10,15.632183908045977
09/03/2013,79,10,2,7.518987341772152
09/04/2013,65,55,5,22
09/05/2013,76,60,5,15.68421052631579
09/06/2013,76,20,4,10.328947368421053
09/07/2013,62,45,2,17.241935483870968
09/08/2013,75,20,5,12.866666666666667
09/09/2013,79,20,4,10.632911392405063
09/10/2013,75,20,3,11.613333333333333
09/11/2013,76,12,5,9.921052631578947
09/12/2013,84,20,0,12.095238095238095
09/13/2013,84,20,4,12.130952380952381
09/14/2013,69,20,5,12.478260869565217
09/15/2013,75,45,-999,6.333333333333333
09/16/2013,93,20,3,11.46236559139785
09/17/2013,79,30,5,13.987341772151899
09/18/2013,74,20,5,11.621621621621621
09/19/2013,73,20,6,12.136986301369863
09/20/2013,7,30,8,15.571428571428571
09/21/2013,81,20,-999,-1.2592592592592593
09/22/2013,68,50,5,20.75
09/23/2013,83,45,-999,-10.457831325301205
09/24/2013,92,50,-999,0.4782608695652174
09/25/2013,73,20,5,11.246575342465754
09/26/2013,83,20,5,12.771084337349398
09/27/2013,100,30,5,14.67
09/28/2013,76,55,-999,-26.144736842105264
09/29/2013,76,20,3,10.026315789473685
09/30/2013,78,20,4,9.923076923076923
10/01/2013,67,10,10,10
10/02/2013,104,10,5,9.85576923076923
10/03/2013,72,30,5,13.333333333333334
10/04/2013,78,50,-999,5.666666666666667
10/05/2013,88,30,-999,2.0681818181818183
10/06/2013,93,50,1,17.827956989247312
10/07/2013,76,20,1,11.263157894736842
10/08/2013,81,40,5,23.209876543209877
10/09/2013,73,20,-999,-2.3972602739726026
10/10/2013,72,20,5,12.430555555555555
10/11/2013,63,60,-999,-9.619047619047619
10/12/2013,91,60,5,27.47252747252747
10/13/2013,76,60,5,25.42105263157895
10/14/2013,81,50,5,21.54320987654321
10/15/2013,60,40,-999,2.1333333333333333
10/16/2013,69,30,9,11.869565217391305
10/17/2013,77,50,5,21.12987012987013
10/18/2013,76,40,-999,-6.421052631578948
10/19/2013,110,60,5,26.263636363636362
10/20/2013,88,60,5,25.738636363636363
10/21/2013,68,20,0,12.941176470588236
10/22/2013,95,40,8,18.978947368421053
10/23/2013,83,10,5,9.771084337349398
10/24/2013,80,60,10,23.0375
10/25/2013,94,50,-999,9.51063829787234
10/26/2013,113,80,0,22.601769911504423
10/27/2013,75,40,-999,7.213333333333333
10/28/2013,77,35,5,11.493506493506494
10/29/2013,70,40,5,18.714285714285715
10/30/2013,79,20,2,11.341772151898734
10/31/2013,71,40,5,14.95774647887324
11/01/2013,81,80,5,14.975308641975309
11/02/2013,99,10,4,9.171717171717171
11/03/2013,100,50,5,19.44
11/04/2013,79,30,6,12.316455696202532
11/05/2013,74,30,5,12.175675675675675
11/06/2013,80,20,-999,-1.35
11/07/2013,82,30,0,12.560975609756097
11/08/2013,76,20,0,10.907894736842104
11/09/2013,80,80,5,22.1875
11/10/2013,81,60,5,18.395061728395063
11/11/2013,72,20,5,13.833333333333334
11/12/2013,57,20,1,9.631578947368421
11/13/2013,57,30,5,13.385964912280702
11/14/2013,64,40,5,15.375
11/15/2013,59,20,5,10.203389830508474
11/16/2013,74,90,-999,0.6216216216216216
11/17/2013,69,30,5,14.782608695652174
11/18/2013,64,10,4,9.8125
11/19/2013,49,20,5,10.061224489795919
11/20/2013,62,30,5,10.46774193548387
11/21/2013,52,20,5,10.673076923076923
11/22/2013,57,30,0,11.578947368421053
11/23/2013,64,40,-999,2.140625
11/24/2013,83,70,-999,18.253012048192772
11/25/2013,103,70,5,29.271844660194176
11/26/2013,84,70,5,28.857142857142858
11/27/2013,99,120,2,40.02020202020202
11/28/2013,86,80,10,36.116279069767444
11/29/2013,82,80,5,28.682926829268293
11/30/2013,99,50,5,22.171717171717173
12/01/2013,76,50,5,17.25
12/02/2013,69,30,5,16.81159420289855
12/03/2013,67,70,0,23.62686567164179
12/04/2013,79,40,5,18.379746835443036
12/05/2013,70,70,-999,12.642857142857142
12/06/2013,67,35,5,15.940298507462687
12/07/2013,54,45,-999,0
12/08/2013,77,70,-999,-20.350649350649352
12/09/2013,58,40,-999,-49.706896551724135
12/10/2013,7,20,-999,-132.57142857142858
12/11/2013,23,45,5,15.434782608695652
12/12/2013,70,20,5,12.3
12/13/2013,67,30,10,14.029850746268657
12/14/2013,76,20,4,11.868421052631579
12/15/2013,69,40,10,15.826086956521738
12/16/2013,71,31,-999,-21.746478873239436
12/17/2013,73,90,10,26.84931506849315
12/18/2013,73,70,5,24.26027397260274
12/19/2013,81,40,8,16.34567901234568
12/20/2013,34,40,10,21.176470588235293
12/21/2013,81,45,10,23.88888888888889
12/22/2013,110,40,0,25
12/23/2013,94,50,10,29.79787234042553
12/24/2013,98,70,5,25.357142857142858
12/25/2013,110,70,1,28.681818181818183
12/26/2013,104,60,9,29.125
12/27/2013,105,110,10,42.885714285714286
12/28/2013,98,70,-999,27.29591836734694
12/29/2013,99,70,10,28.02020202020202
12/30/2013,108,90,5,52.5
12/31/2013,108,60,6,28.666666666666668
01/01/2014,81,70,-999,16.432098765432098
01/02/2014,97,70,5,31.95876288659794
01/03/2014,88,80,2,37
01/04/2014,89,60,-999,22.40449438202247
01/05/2014,88,40,5,24.488636363636363
01/06/2014,108,45,9,18.324074074074073
01/07/2014,76,30,5,12.828947368421053
01/08/2014,22,39,5,12.681818181818182
01/09/2014,40,30,7,15.1
01/10/2014,96,60,3,16.177083333333332
01/11/2014,90,50,10,23.68888888888889
01/12/2014,89,50,3,17.584269662921347
01/13/2014,74,20,4,10.91891891891892
01/14/2014,63,40,0,12.920634920634921
01/15/2014,53,45,-999,-2.9622641509433962
01/16/2014,67,40,2,19.80597014925373
01/17/2014,57,80,-999,-41.92982456140351
01/18/2014,49,50,10,23.612244897959183
01/19/2014,94,70,10,36.191489361702125
01/20/2014,89,50,-999,14.865168539325843
01/21/2014,66,40,5,14.772727272727273
01/22/2014,80,40,0,20.3875
01/23/2014,69,50,5,18.840579710144926
01/24/2014,66,40,3,15.303030303030303
01/25/2014,97,40,4,24.515463917525775
01/26/2014,83,50,7,18.759036144578314
01/27/2014,85,40,0,12.352941176470589
01/28/2014,70,30,4,14.228571428571428
01/29/2014,55,20,5,10.818181818181818
01/30/2014,56,30,-999,-4.357142857142857
01/31/2014,66,30,2,14.348484848484848
02/01/2014,73,55,9,23.068493150684933
02/02/2014,85,60,4,28.258823529411764
02/03/2014,91,60,5,23.186813186813186
02/04/2014,88,40,5,19.386363636363637
02/05/2014,55,25,10,11.727272727272727
02/06/2014,63,30,5,20.603174603174605
02/07/2014,77,50,0,16.116883116883116
02/08/2014,97,30,5,17.690721649484537
02/09/2014,77,60,10,32.935064935064936
02/10/2014,56,40,5,19.696428571428573
02/11/2014,71,30,5,10.76056338028169
02/12/2014,67,20,-999,-3.91044776119403
02/13/2014,61,50,5,19.37704918032787
02/14/2014,61,30,10,17.049180327868854
02/15/2014,83,60,5,32.13253012048193
02/16/2014,67,60,5,33.791044776119406
02/17/2014,88,50,1,20.318181818181817
02/18/2014,70,50,10,23.571428571428573
02/19/2014,75,50,4,20.186666666666667
02/20/2014,63,60,-999,7.317460317460317
02/21/2014,66,50,5,19.96969696969697
02/22/2014,70,50,0,21.928571428571427
02/23/2014,33,30,5,13.181818181818182
02/24/2014,42,30,0,13.571428571428571
02/25/2014,42,30,6,13
02/26/2014,75,40,0,12.266666666666667
02/27/2014,73,20,6,10.67123287671233
02/28/2014,75,30,5,15.173333333333334
03/01/2014,89,60,5,30.629213483146067
03/02/2014,45,110,-999,4.644444444444445
03/03/2014,83,40,9,21.457831325301203
03/04/2014,84,90,10,30.535714285714285
03/05/2014,72,50,10,23.25
03/06/2014,74,40,1,12.486486486486486
03/07/2014,43,70,-999,-48.27906976744186
03/08/2014,53,40,5,23.943396226415093
03/09/2014,48,70,5,20.041666666666668
03/10/2014,73,40,4,20.424657534246574
03/11/2014,50,60,5,28.1
03/12/2014,55,50,5,19.545454545454547
03/13/2014,53,120,0,31.28301886792453
03/14/2014,67,50,4,20.955223880597014
03/15/2014,54,70,10,27.962962962962962
03/16/2014,45,110,10,33.55555555555556
03/17/2014,59,40,1,12.423728813559322
03/18/2014,58,110,-999,-6.120689655172414
03/19/2014,84,70,10,30.357142857142858
03/20/2014,60,80,5,29.4
03/21/2014,41,40,5,26.414634146341463
03/22/2014,60,50,10,25.8
03/23/2014,26,60,10,26.23076923076923
03/24/2014,40,80,-999,8.15
03/25/2014,51,80,10,33.94117647058823
03/26/2014,29,70,10,40.86206896551724
03/27/2014,51,50,8,24.254901960784313
03/28/2014,54,30,6,17.074074074074073
03/29/2014,50,60,10,23.8
03/30/2014,37,40,-999,-8.567567567567568
03/31/2014,40,30,5,17.375
04/01/2014,75,40,10,22.6
04/02/2014,93,50,0,22.537634408602152
04/03/2014,89,50,-999,2.752808988764045
04/04/2014,77,50,5,21.363636363636363
04/05/2014,104,70,3,21.432692307692307
04/06/2014,82,50,0,20.878048780487806
04/07/2014,76,40,5,20.80263157894737
04/08/2014,33,90,-999,-12.848484848484848
04/09/2014,66,60,10,29.696969696969695
04/10/2014,66,50,-999,12.681818181818182
04/11/2014,75,40,1,19.413333333333334
04/12/2014,76,50,-999,11.171052631578947
04/13/2014,86,40,10,21.3953488372093
04/14/2014,88,70,4,21.40909090909091
04/15/2014,85,50,10,24.11764705882353
04/16/2014,108,90,5,27.12962962962963
04/17/2014,99,50,4,20.262626262626263
04/18/2014,88,50,-999,13.534090909090908
04/19/2014,85,60,5,21.41176470588235
04/20/2014,78,40,10,16.41025641025641
04/21/2014,91,50,1,23.24175824175824
04/22/2014,99,40,0,20.060606060606062
04/23/2014,84,40,10,19.785714285714285
04/24/2014,86,90,5,19.767441860465116
04/25/2014,81,50,2,22.91358024691358
04/26/2014,93,40,5,21.774193548387096
04/27/2014,89,110,5,24.269662921348313
04/28/2014,70,40,1,21.34285714285714
04/29/2014,72,40,0,13.930555555555555
04/30/2014,61,20,5,12.19672131147541
05/03/2014,94,40,5,17.180851063829788
05/04/2014,55,90,-999,-1.3636363636363635
05/05/2014,65,40,5,22.46153846153846
05/06/2014,72,40,5,20.77777777777778
05/07/2014,80,50,5,21.475
05/08/2014,61,50,5,24.18032786885246
05/09/2014,76,50,5,24.88157894736842
05/10/2014,67,80,-999,14.283582089552239
05/11/2014,66,50,-999,11.575757575757576
05/12/2014,67,40,-999,7.91044776119403
05/13/2014,44,20,8,11.863636363636363
05/14/2014,70,40,4,15.757142857142858
05/15/2014,72,20,5,13.222222222222221
05/16/2014,81,50,5,22.25925925925926
05/17/2014,77,40,5,21.233766233766232
05/18/2014,66,60,10,22.727272727272727
05/19/2014,74,30,4,19
05/20/2014,74,40,4,22.635135135135137
05/21/2014,71,30,5,15.211267605633802
05/22/2014,65,30,10,14.476923076923077
05/23/2014,22,40,1,15.181818181818182
05/24/2014,89,70,-999,17.46067415730337
05/25/2014,79,60,1,27.050632911392405
05/26/2014,99,60,1,25.242424242424242
05/27/2014,77,50,3,22.441558441558442
05/28/2014,61,45,5,16.80327868852459
05/29/2014,61,50,-999,7.491803278688525
05/30/2014,72,50,1,27.194444444444443
05/31/2014,77,50,5,23.961038961038962
06/01/2014,65,50,-999,4.6461538461538465
06/02/2014,71,30,-999,5.225352112676056
06/03/2014,93,50,5,22.795698924731184
06/04/2014,62,40,5,18.612903225806452
06/05/2014,72,30,-999,-1.3194444444444444
06/06/2014,83,30,5,15.180722891566266
06/07/2014,82,110,-999,-9.621951219512194
06/08/2014,85,40,2,20.32941176470588
06/09/2014,89,100,10,21.573033707865168
06/10/2014,101,50,5,29.366336633663366
06/11/2014,85,90,5,33.72941176470588
06/12/2014,78,100,-999,19.307692307692307
06/13/2014,87,50,0,17.816091954022987
06/14/2014,75,90,3,17.026666666666667
06/15/2014,86,60,0,21.662790697674417
06/16/2014,95,60,5,24.957894736842107
06/17/2014,93,60,-999,-2.849462365591398
06/18/2014,84,70,5,25.678571428571427
06/19/2014,81,60,5,25.296296296296298
06/20/2014,74,70,5,28.986486486486488
06/21/2014,53,40,5,24.245283018867923
06/22/2014,75,70,-999,10.8
06/23/2014,85,60,4,24.176470588235293
06/24/2014,96,50,5,26.71875
06/25/2014,104,70,5,31.26923076923077
06/26/2014,73,50,-999,-16.410958904109588
06/27/2014,31,30,-999,-40.903225806451616
06/28/2014,26,40,5,19.5
06/29/2014,13,40,10,14.538461538461538
06/30/2014,52,70,-999,11.173076923076923
07/01/2014,38,70,10,30.526315789473685
07/02/2014,51,60,-999,10.666666666666666
07/03/2014,43,40,10,26.976744186046513
07/04/2014,58,30,-999,-72.67241379310344
07/05/2014,69,30,10,13.681159420289855
07/06/2014,43,70,10,35.23255813953488
07/07/2014,68,60,-999,10.073529411764707
07/08/2014,86,50,5,24.732558139534884
07/09/2014,87,70,-999,13.057471264367816
07/10/2014,68,80,5,25.073529411764707
07/11/2014,53,30,5,15.566037735849056
07/12/2014,63,45,10,18.333333333333332
07/13/2014,84,60,0,23.166666666666668
07/14/2014,55,50,4,24.163636363636364
07/15/2014,89,60,5,27.280898876404493
07/16/2014,80,80,-999,-22.225
07/17/2014,75,90,-999,12.306666666666667
07/18/2014,60,40,10,20.433333333333334
07/19/2014,86,30,5,16.325581395348838
07/20/2014,78,90,5,30.46153846153846
07/21/2014,55,110,5,38.127272727272725
07/22/2014,60,50,5,27.25
07/23/2014,70,60,5,25.728571428571428
07/24/2014,70,70,5,28.47142857142857
07/25/2014,48,110,-999,-13.291666666666666
07/26/2014,69,135,-999,4.826086956521739
07/24/2014,26,70,10,36.92307692307692
07/25/2014,26,50,10,25.76923076923077
07/26/2014,19,30,10,18.94736842105263
07/27/2014,105,45,6,20.8
07/28/2014,87,130,-999,15.425287356321839
07/29/2014,94,60,5,30.638297872340427
07/30/2014,110,50,5,27.681818181818183
07/31/2014,95,60,5,23.326315789473686
08/01/2014,61,30,10,20.016393442622952
08/02/2014,71,30,5,23.774647887323944
08/03/2014,70,40,10,26.5
08/04/2014,95,40,5,26.410526315789475
08/05/2014,100,70,5,31.45
08/06/2014,104,70,0,37.60576923076923
08/07/2014,106,90,3,31.50943396226415
08/08/2014,83,60,-999,15.108433734939759
08/09/2014,68,60,-999,9.352941176470589
08/10/2014,97,80,5,26.587628865979383
08/11/2014,92,60,5,29.26086956521739
08/12/2014,35,50,-999,-2.4
08/13/2014,109,50,5,24.862385321100916
08/12/2014,10,50,10,32
08/12/2014,5,50,20,40
08/12/2014,8,50,10,30
08/12/2014,8,60,10,40
08/12/2014,6,50,10,43.333333333333336
08/12/2014,2,50,10,30
08/12/2014,4,50,30,37.5
08/12/2014,2,30,5,17.5
08/12/2014,2,40,10,25
08/12/2014,3,50,5,31.666666666666668
08/14/2014,2,5,5,5
08/14/2014,2,50,10,30
08/09/2014,2,60,30,45
08/14/2014,2,10,10,10
08/12/2014,2,40,30,35
08/14/2014,96,40,8,18.59375
08/15/2014,75,40,5,20.933333333333334
08/14/2014,2,30,20,25
08/15/2014,21,20,3,10.142857142857142
08/16/2014,106,60,0,24.99056603773585
08/17/2014,101,50,-999,5.514851485148514
08/17/2014,2,20,20,20
08/17/2014,2,30,20,25
08/16/2014,3,40,20,26.666666666666668
08/18/2014,88,40,5,17.670454545454547
08/19/2014,101,60,5,18.594059405940595
08/20/2014,110,60,10,27.554545454545455
08/21/2014,87,60,10,19.114942528735632
08/22/2014,95,40,0,15.905263157894737
08/23/2014,91,70,4,16.791208791208792
08/24/2014,98,70,-999,7.989795918367347
08/25/2014,78,30,-999,0.7307692307692307
08/26/2014,76,30,4,12.486842105263158
08/27/2014,105,40,10,14.80952380952381
08/28/2014,80,40,5,13
08/29/2014,78,20,5,10.320512820512821
08/30/2014,106,70,4,14.471698113207546
08/31/2014,103,30,4,18.271844660194176
09/01/2014,98,40,2,14.714285714285714
09/02/2014,76,60,0,10.328947368421053
09/03/2014,90,20,1,9.922222222222222
09/04/2014,52,20,-999,-9.307692307692308
09/05/2014,79,10,0,8.860759493670885
09/06/2014,75,20,0,11.16
09/07/2014,78,30,6,12.974358974358974
09/08/2014,65,10,-999,-5.907692307692308
09/09/2014,64,20,7,10.890625
09/10/2014,77,10,4,9.792207792207792
09/11/2014,27,20,-999,-174.33333333333334
09/12/2014,96,40,1,12.354166666666666
09/13/2014,69,10,5,9.63768115942029
09/14/2014,92,30,5,16.097826086956523
09/15/2014,91,30,1,14.274725274725276
09/16/2014,71,30,5,13.577464788732394
09/17/2014,97,20,4,10.278350515463918
09/18/2014,68,20,3,12.573529411764707
09/19/2014,90,20,5,11.944444444444445
09/20/2014,85,20,5,11.823529411764707
09/21/2014,92,40,5,17.934782608695652
09/22/2014,85,20,4,11.458823529411765
09/23/2014,92,40,5,16.57608695652174
09/24/2014,73,40,-999,-2.1232876712328768
09/25/2014,76,40,6,13.578947368421053
09/26/2014,99,60,4,24.303030303030305
09/27/2014,96,60,5,22.895833333333332
09/28/2014,70,60,5,20.042857142857144
09/29/2014,92,50,1,14.66304347826087
09/30/2014,72,20,5,10
10/01/2014,74,20,4,9.405405405405405
10/02/2014,88,20,-999,-1.375
10/03/2014,90,35,5,14.477777777777778
10/04/2014,95,60,-999,5.484210526315789
10/05/2014,91,50,10,26.45054945054945
10/06/2014,76,60,-999,-0.5131578947368421
10/07/2014,37,60,-999,-34
10/08/2014,70,60,5,12.714285714285714
10/09/2014,77,30,1,16.428571428571427
10/10/2014,109,50,0,22.69724770642202
10/11/2014,89,60,-999,14.44943820224719
10/12/2014,110,60,-999,17.10909090909091
10/13/2014,94,70,-999,7.25531914893617
10/14/2014,95,30,9,13.147368421052631
10/15/2014,76,50,10,16.18421052631579
10/16/2014,95,50,5,23.189473684210526
10/17/2014,110,50,10,25.318181818181817
10/18/2014,110,40,10,23.490909090909092
10/19/2014,93,40,5,22.27956989247312
10/20/2014,85,30,-999,6.588235294117647
10/21/2014,79,20,5,12.050632911392405
10/22/2014,77,20,1,10.675324675324676
10/23/2014,101,50,-999,10.099009900990099
10/24/2014,100,50,5,21.55
10/25/2014,114,60,4,23.473684210526315
10/26/2014,104,40,1,20.75
10/27/2014,53,30,-999,-0.03773584905660377
10/28/2014,71,20,-999,-0.2535211267605634
10/29/2014,75,40,5,11
10/30/2014,82,30,5,12.560975609756097
10/31/2014,75,30,10,18.133333333333333
11/01/2014,85,60,5,24.50588235294118
11/02/2014,95,60,-999,11.83157894736842
11/03/2014,110,40,0,23.71818181818182
11/04/2014,96,40,-999,8.583333333333334
11/05/2014,69,30,3,15.333333333333334
11/06/2014,97,20,5,11.618556701030927
11/07/2014,101,50,5,19.356435643564357
11/08/2014,101,50,4,21.623762376237625
11/09/2014,108,50,5,21.99074074074074
11/10/2014,90,50,5,24.7
11/11/2014,85,40,-999,3.0588235294117645
11/12/2014,80,40,10,24.2625
11/13/2014,94,30,4,18.925531914893618
11/14/2014,87,40,1,15.873563218390805
11/15/2014,93,80,-999,-1.2150537634408602
11/16/2014,90,120,10,21.488888888888887
11/17/2014,91,40,1,18.47252747252747
11/18/2014,87,20,2,10.022988505747126
11/19/2014,80,40,-999,-19.9875
11/20/2014,85,30,8,11.611764705882353
11/21/2014,77,20,5,10.584415584415584
11/22/2014,89,40,10,20.730337078651687
11/23/2014,86,50,-999,10.313953488372093
11/24/2014,116,80,-999,23.75
11/25/2014,8,10,10,10
11/26/2014,112,90,5,36.11607142857143
11/27/2014,92,120,-999,23.27173913043478
11/28/2014,103,60,5,32.57281553398058
11/29/2014,106,70,5,28.61320754716981
11/30/2014,88,40,10,18.636363636363637
12/01/2014,62,30,-999,-1.7580645161290323
12/02/2014,77,30,5,11.818181818181818
12/03/2014,92,30,2,11.130434782608695
12/04/2014,63,80,-999,-2.5238095238095237
12/05/2014,91,30,5,12.967032967032967
12/06/2014,93,50,5,18.118279569892472
12/07/2014,98,70,3,21.03061224489796
12/08/2014,80,70,-999,-24.1
12/09/2014,76,50,-999,3.236842105263158
12/10/2014,74,40,5,16.89189189189189
12/11/2014,91,40,-999,-8.989010989010989
12/12/2014,84,30,4,12.380952380952381
12/13/2014,93,45,5,28.021505376344088
12/14/2014,90,70,5,25.42222222222222
12/15/2014,113,30,5,17.68141592920354
12/16/2014,97,30,-999,6.484536082474227
12/17/2014,105,30,4,14.790476190476191
12/18/2014,87,45,5,13.482758620689655
12/19/2014,89,30,5,14.112359550561798
12/20/2014,106,50,5,19.99056603773585
12/21/2014,99,90,0,32.27272727272727
12/22/2014,114,60,5,30.56140350877193
12/23/2014,119,50,5,26.605042016806724
12/24/2014,108,50,-999,13.25
12/25/2014,111,70,-999,21.306306306306308
12/26/2014,100,100,5,27.9
12/27/2014,119,70,5,29.18487394957983
12/28/2014,109,70,10,36.77064220183486
12/29/2014,121,90,7,43.72727272727273
12/30/2014,107,100,5,36.12149532710281
12/31/2014,125,60,1,26.016
01/01/2015,91,80,0,31.153846153846153
01/02/2015,99,80,2,26.11111111111111
01/03/2015,83,60,-999,-10.204819277108435
01/04/2015,98,40,10,18.724489795918366
01/05/2015,61,60,-999,6.918032786885246
01/06/2015,67,40,5,18.417910447761194
01/07/2015,64,40,5,23.390625
01/08/2015,76,50,5,18.88157894736842
01/09/2015,90,80,3,16.3
01/10/2015,128,70,-999,5.34375
01/11/2015,96,20,10,14.895833333333334
01/12/2015,116,60,5,12.336206896551724
01/13/2015,88,10,10,10
01/14/2015,166,70,10,12.108433734939759
01/15/2015,98,20,5,11.173469387755102
01/16/2015,78,40,-999,3.8076923076923075
01/17/2015,128,120,10,31.3828125
01/18/2015,141,70,5,33.56737588652482
01/19/2015,127,50,5,25.968503937007874
01/20/2015,108,45,1,14.601851851851851
01/21/2015,106,40,4,15.5
01/22/2015,101,30,3,14.801980198019802
01/23/2015,96,30,5,14.166666666666666
01/24/2015,123,30,10,14.634146341463415
01/25/2015,127,60,0,22.4251968503937
01/26/2015,112,30,5,13.696428571428571
01/27/2015,106,40,0,11.622641509433961
01/29/2015,74,50,-999,-11.324324324324325
01/30/2015,90,60,5,21.08888888888889
01/31/2015,139,50,5,18.244604316546763
02/01/2015,115,70,1,18.704347826086956
02/02/2015,5,20,-999,-192.2
02/03/2015,102,40,-999,2.7549019607843137
02/04/2015,125,50,0,15.48
02/05/2015,86,20,5,10
02/06/2015,113,80,5,20.150442477876105
02/07/2015,132,50,5,20.416666666666668
02/08/2015,124,60,5,27.653225806451612
02/09/2015,88,20,0,13.125
02/10/2015,97,30,5,10.618556701030927
02/11/2015,112,50,5,16.919642857142858
02/12/2015,99,70,5,15.757575757575758
02/13/2015,114,40,5,20.07894736842105
02/14/2015,146,70,5,35.30821917808219
02/15/2015,163,75,5,35.52760736196319
02/16/2015,152,75,5,32.07236842105263
02/17/2015,138,130,0,17.681159420289855
02/18/2015,144,90,5,30.625
02/19/2015,113,50,-999,14.902654867256636
02/20/2015,128,100,5,26.359375
02/21/2015,142,100,3,21.492957746478872
02/22/2015,124,20,5,12.540322580645162
02/23/2015,105,20,-999,3.104761904761905
02/24/2015,104,20,4,10.153846153846153
02/25/2015,112,30,5,15.607142857142858
02/26/2015,102,20,4,12.637254901960784
02/27/2015,114,30,5,14.18421052631579
02/28/2015,140,80,5,19.37857142857143
03/01/2015,125,40,5,17.88
03/02/2015,140,110,5,14.685714285714285
03/03/2015,124,40,5,13.75
03/04/2015,138,20,5,10.376811594202898
03/05/2015,99,20,5,10.1010101010101
03/06/2015,101,20,5,10.118811881188119
03/07/2015,111,60,-999,5.54954954954955
03/08/2015,136,40,5,24.61764705882353
03/09/2015,143,45,1,16.818181818181817
03/10/2015,136,50,5,20.220588235294116
03/11/2015,138,50,0,21.13768115942029
03/12/2015,133,60,5,15.75187969924812
03/13/2015,131,50,5,17.328244274809162
03/14/2015,133,30,5,14.135338345864662
03/15/2015,130,70,4,27.553846153846155
03/16/2015,121,100,-999,13.049586776859504
03/17/2015,134,50,5,25.48507462686567
03/18/2015,150,60,4,24.966666666666665
03/19/2015,131,40,-999,2.312977099236641
03/20/2015,147,80,5,19.8843537414966
03/21/2015,127,50,4,24.80314960629921
03/22/2015,135,50,5,27.62962962962963
03/23/2015,108,30,-999,6.4907407407407405
03/24/2015,127,60,-999,12.078740157480315
03/25/2015,150,60,5,25.133333333333333
03/26/2015,63,50,10,20.714285714285715
03/27/2015,2,30,20,25
03/28/2015,4,60,10,28
03/29/2015,7,50,17,32.57142857142857
03/30/2015,61,70,6,24.524590163934427
03/31/2015,58,60,10,27.413793103448278
04/01/2015,4,20,1,12.5
04/02/2015,84,70,-999,16.035714285714285
04/03/2015,118,60,5,20.872881355932204
04/04/2015,120,60,5,25
04/05/2015,131,70,5,23.053435114503817
04/06/2015,133,90,5,26.473684210526315
04/07/2015,142,70,5,30.246478873239436
04/08/2015,147,80,5,30.687074829931973
04/09/2015,132,50,3,27.068181818181817
04/10/2015,137,50,-999,17.335766423357665
04/11/2015,122,60,-999,-160.5327868852459
04/12/2015,139,60,-999,-64.4748201438849
04/13/2015,107,30,5,14.69158878504673
04/14/2015,112,20,-999,1.6607142857142858
04/15/2015,111,120,-999,-11.72972972972973
04/16/2015,100,60,-999,-32.97
04/17/2015,125,80,5,16.144
04/18/2015,107,130,-999,-4.364485981308412
04/19/2015,124,60,5,21.072580645161292
04/20/2015,125,100,-999,-16.616
04/21/2015,131,50,-999,-136.33587786259542
04/22/2015,119,30,1,12.579831932773109
04/23/2015,115,30,5,11.486956521739131
04/24/2015,98,40,-999,-188.3469387755102
04/25/2015,114,55,-999,-91.55263157894737
04/26/2015,135,60,-999,9.459259259259259
04/27/2015,107,60,-999,-76.20560747663552
04/28/2015,110,20,-999,-72.68181818181819
04/29/2015,107,20,4,12.093457943925234
04/30/2015,111,50,-999,-5.054054054054054
05/01/2015,122,30,5,15.491803278688524
05/02/2015,137,40,-999,9.474452554744525
05/03/2015,134,120,5,29.104477611940297
05/04/2015,124,50,5,21.39516129032258
05/05/2015,117,40,-999,-3.965811965811966
05/06/2015,127,20,-999,-12.433070866141732
05/07/2015,121,70,-999,-25.181818181818183
05/08/2015,116,40,3,16.732758620689655
05/09/2015,120,60,-999,1.2916666666666667
05/10/2015,130,70,-999,-4.446153846153846
05/11/2015,102,70,5,12.549019607843137
05/12/2015,108,40,4,12.351851851851851
05/13/2015,122,40,-999,-143.49180327868854
05/14/2015,110,40,-999,-99.27272727272727
05/15/2015,118,40,-999,-602.0593220338983
05/16/2015,134,10,-999,-908.7537313432836
05/17/2015,138,10,-999,-962.5869565217391
05/18/2015,99,60,-999,-48.76767676767677
05/19/2015,120,40,-999,-7.683333333333334
05/20/2015,109,50,5,22.321100917431192
05/21/2015,105,60,5,22.847619047619048
05/22/2015,126,70,-999,-81.24603174603175
05/23/2015,133,60,-999,-23.06766917293233
05/24/2015,153,60,5,32.01960784313726
05/25/2015,137,80,6,35.75182481751825
05/26/2015,117,90,-999,26.162393162393162
05/27/2015,133,60,-999,-115.35338345864662
05/28/2015,116,40,-999,4.086206896551724
05/29/2015,118,60,10,22.8135593220339
05/30/2015,116,60,-999,10.517241379310345
05/31/2015,142,80,-999,-114.88732394366197
06/01/2015,119,50,5,24.10924369747899
06/02/2015,121,50,-999,7.578512396694215
06/03/2015,126,60,-999,9.634920634920634
06/04/2015,123,50,5,19.59349593495935
06/05/2015,126,50,-999,-64.05555555555556
06/06/2015,111,50,-999,1.882882882882883
06/07/2015,123,60,5,22.32520325203252
06/08/2015,128,60,5,27.078125
06/09/2015,129,65,-999,5.426356589147287
06/10/2015,138,100,-999,18.615942028985508
06/11/2015,140,60,-999,5.492857142857143
06/12/2015,110,45,-999,-197.74545454545455
06/13/2015,108,40,-999,-28.65740740740741
06/14/2015,131,50,5,20.045801526717558
06/15/2015,127,80,-999,-89.96062992125984
06/16/2015,132,50,5,22.34090909090909
06/17/2015,132,60,-999,4.416666666666667
06/18/2015,122,50,-999,5.991803278688525
06/19/2015,111,80,5,20.18018018018018
06/20/2015,116,40,4,16.75862068965517
06/21/2015,122,70,-999,-59.14754098360656
06/22/2015,130,45,-999,11.415384615384616
06/23/2015,128,80,-999,2.8984375
06/24/2015,145,100,-999,-0.9172413793103448
06/25/2015,121,80,-999,24.74380165289256
06/26/2015,119,40,5,21.84873949579832
06/27/2015,117,60,-999,-87.41025641025641
06/28/2015,144,80,10,20.34722222222222
06/29/2015,117,60,-999,-99.32478632478633
06/30/2015,111,60,-999,-19.63963963963964
07/02/2015,120,60,5,29.266666666666666
07/03/2015,106,50,5,21.745283018867923
07/04/2015,115,30,-999,-67.41739130434783
07/05/2015,107,50,-999,2.4018691588785046
07/06/2015,107,60,-999,-22.850467289719628
07/07/2015,122,60,-999,-43.25409836065574
07/08/2015,130,70,-999,19.53846153846154
07/09/2015,120,60,5,21.058333333333334
07/10/2015,104,50,-999,-43.875
07/11/2015,92,60,-999,8.271739130434783
07/12/2015,121,40,5,20.305785123966942
07/13/2015,122,110,-999,1.8032786885245902
07/14/2015,116,60,-999,0.3275862068965517
07/15/2015,118,80,-999,-52.20338983050848
07/16/2015,122,60,-999,19.008196721311474
07/17/2015,108,50,5,24.25
07/18/2015,98,60,5,29.489795918367346
07/19/2015,131,60,-999,-59.80916030534351
07/20/2015,107,50,5,22.813084112149532
07/21/2015,118,50,5,25.194915254237287
07/22/2015,138,70,5,35.130434782608695
07/23/2015,124,70,-999,-203.71774193548387
07/24/2015,117,50,-999,4.717948717948718
07/25/2015,114,70,5,27.236842105263158
07/26/2015,131,60,-999,16.19083969465649
07/27/2015,111,40,-999,-59.153153153153156
07/28/2015,6,50,5,17.5
07/29/2015,3,60,19,33
07/30/2015,2,30,5,17.5
07/31/2015,2,40,24,32
08/01/2015,5,30,10,14
08/02/2015,95,50,-999,-66.07368421052631
08/03/2015,91,40,-999,-7.725274725274725
08/04/2015,94,70,-999,-108.01063829787235
08/05/2015,106,60,-999,1.4433962264150944
08/06/2015,106,90,1,28.528301886792452
08/07/2015,97,70,5,19.061855670103093
08/08/2015,85,100,-999,3.823529411764706
08/09/2015,94,70,-999,-1.2553191489361701
08/10/2015,93,40,-999,-3.5806451612903225
08/11/2015,86,70,-999,-93.33720930232558
08/12/2015,102,50,-999,6.333333333333333
08/13/2015,99,60,-999,-6.575757575757576
08/14/2015,92,50,5,20.97826086956522
08/15/2015,88,60,-999,-96.44318181818181
08/16/2015,100,70,-999,-11.83
08/17/2015,82,40,-999,-16.146341463414632
08/18/2015,92,50,-999,16.73913043478261
08/19/2015,102,70,-999,4.588235294117647
08/20/2015,33,70,5,24.272727272727273
08/21/2015,4,42,20,30.5
08/22/2015,8,50,0,20.875
08/23/2015,84,50,5,23.94047619047619
08/24/2015,77,50,5,21.714285714285715
08/25/2015,82,60,-999,8.097560975609756
08/26/2015,86,40,2,18.61627906976744
08/27/2015,71,45,-999,4.352112676056338
08/28/2015,74,20,5,12.432432432432432
08/29/2015,70,30,5,14.257142857142858
08/30/2015,87,35,-999,-8.71264367816092
08/31/2015,76,30,-999,-3.013157894736842
09/01/2015,78,20,-999,-54.15384615384615
09/02/2015,89,20,4,10.719101123595506
09/03/2015,77,20,-999,-16.272727272727273
09/04/2015,74,60,-999,-55.445945945945944
09/05/2015,66,40,10,24.78787878787879
09/06/2015,102,80,-999,-47.049019607843135
09/07/2015,90,40,4,21.666666666666668
09/08/2015,79,50,-999,1.3544303797468353
09/09/2015,83,50,-999,-0.7710843373493976
09/10/2015,71,20,5,10.845070422535212
09/11/2015,77,20,5,10.792207792207792
09/12/2015,78,40,-999,-122.06410256410257
09/13/2015,92,40,-999,-93.22826086956522
09/14/2015,83,70,-999,-20.03614457831325
09/15/2015,70,50,5,17.214285714285715
09/16/2015,89,30,-999,-39.60674157303371
09/17/2015,70,30,-999,-175.28571428571428
09/18/2015,87,20,3,11.39080459770115
09/19/2015,79,30,5,13.518987341772151
09/20/2015,81,60,-999,-98.64197530864197
09/21/2015,76,50,7,14.960526315789474
09/22/2015,76,50,5,19.5
09/23/2015,87,50,-999,8.563218390804598
09/24/2015,81,30,3,15.074074074074074
09/25/2015,95,60,-999,-68.45263157894736
09/26/2015,77,40,-999,-5.337662337662338
09/27/2015,94,80,10,26.98936170212766
09/28/2015,71,60,-999,-37.563380281690144
09/29/2015,69,20,5,10.594202898550725
09/30/2015,77,40,5,14.220779220779221
10/01/2015,76,60,-999,-11.31578947368421
10/02/2015,93,40,5,18.462365591397848
10/03/2015,92,60,-999,-132.04347826086956
10/04/2015,90,50,5,20.833333333333332
10/05/2015,87,40,-999,-54.42528735632184
10/06/2015,86,60,-999,3.744186046511628
10/07/2015,86,30,0,17.46511627906977
10/08/2015,90,60,5,29.744444444444444
10/09/2015,90,30,-999,-59.51111111111111
10/10/2015,99,60,5,23.151515151515152
10/11/2015,93,70,-999,-65.84946236559139
10/12/2015,104,75,1,27.48076923076923
10/13/2015,94,60,5,23.117021276595743
10/14/2015,70,70,-999,-87.81428571428572
10/15/2015,77,50,-999,-3.935064935064935
10/16/2015,98,60,-999,3.142857142857143
10/17/2015,99,80,-999,9.070707070707071
10/18/2015,92,50,-999,17.869565217391305
10/19/2015,72,40,5,17.36111111111111
10/20/2015,77,70,5,19.285714285714285
10/21/2015,86,50,-999,-21.63953488372093
10/22/2015,84,50,6,14.797619047619047
10/23/2015,91,100,-999,4.637362637362638
10/24/2015,98,60,-999,4.26530612244898
10/25/2015,90,50,-999,17.566666666666666
10/26/2015,78,80,-999,-29.641025641025642
10/27/2015,86,30,5,15.69767441860465
10/28/2015,78,45,-999,1.6153846153846154
10/29/2015,77,45,5,22.818181818181817
10/30/2015,98,40,4,17.846938775510203
10/31/2015,97,50,5,17.484536082474225
11/01/2015,102,80,-999,-68.43137254901961
11/02/2015,94,30,5,13.414893617021276
11/03/2015,80,40,-999,-22.7125
11/04/2015,82,30,-999,-9.902439024390244
11/05/2015,83,60,-999,-56.72289156626506
11/06/2015,89,30,5,16.573033707865168
11/07/2015,108,45,-999,-91.96296296296296
11/08/2015,92,90,5,15.869565217391305
11/09/2015,91,40,5,16.824175824175825
11/10/2015,97,50,5,19.164948453608247
11/11/2015,89,70,5,17.10112359550562
11/12/2015,81,50,5,20.40740740740741
11/13/2015,102,70,4,18.029411764705884
11/14/2015,118,70,2,25.56779661016949
11/15/2015,94,80,2,16.97872340425532
11/16/2015,90,40,10,13.044444444444444
11/17/2015,81,20,10,13.82716049382716
11/18/2015,86,40,5,11.662790697674419
11/19/2015,79,40,-999,-73.34177215189874
11/20/2015,96,50,-999,-79.70833333333333
11/21/2015,98,110,5,25.76530612244898
11/22/2015,103,40,-999,-57.349514563106794
11/23/2015,115,70,-999,-27.904347826086955
11/24/2015,96,70,5,37.895833333333336
11/25/2015,113,60,5,31.283185840707965
11/26/2015,104,45,5,23.375
11/27/2015,109,70,-999,-2.1926605504587156
11/28/2015,110,60,-999,-84.36363636363636
11/29/2015,100,40,5,16.71
11/30/2015,70,50,-999,-158.31428571428572
12/01/2015,72,30,5,13.26388888888889
12/02/2015,77,30,5,12.402597402597403
12/03/2015,81,30,-999,-147.8641975308642
12/04/2015,103,50,-999,-14.009708737864077
12/05/2015,96,60,-999,-10.114583333333334
12/06/2015,97,50,-999,-43.8041237113402
12/07/2015,85,40,1,14.882352941176471
12/08/2015,91,40,5,16.64835164835165
12/09/2015,102,50,4,14.549019607843137
12/10/2015,81,50,5,15.74074074074074
12/11/2015,84,40,4,14.273809523809524
12/12/2015,103,50,0,22.864077669902912
12/13/2015,96,50,-999,-129.73958333333334
12/14/2015,77,30,5,13.181818181818182
12/15/2015,67,50,-999,-13.35820895522388
12/16/2015,80,40,-999,-9.5
12/17/2015,79,40,1,16.88607594936709
12/18/2015,87,50,-999,7.2988505747126435
12/19/2015,97,110,5,32.23711340206186
12/20/2015,106,70,5,38.405660377358494
12/21/2015,110,60,-999,26.445454545454545
12/22/2015,109,90,5,40.825688073394495
12/23/2015,99,70,-999,-70.84848484848484
12/24/2015,85,50,5,22.152941176470588
12/25/2015,112,60,-999,15.294642857142858
12/26/2015,111,50,5,25
12/27/2015,124,80,0,34.225806451612904
12/28/2015,121,100,5,45.3801652892562
12/29/2015,129,100,-999,24.53488372093023
12/30/2015,118,120,-999,-68.77118644067797
12/31/2015,130,70,-999,-56.87692307692308
01/01/2016,112,80,3,21.473214285714285
01/02/2016,114,90,-999,-70.8859649122807
01/03/2016,101,30,5,14.415841584158416
01/04/2016,97,100,5,39.896907216494846
01/05/2016,82,60,5,23.76829268292683
01/06/2016,82,40,10,19.51219512195122
01/07/2016,80,50,-999,13.2
01/08/2016,88,40,-999,6.704545454545454
01/09/2016,98,60,-999,-144.3265306122449
01/10/2016,71,60,-999,5.788732394366197
01/11/2016,71,60,-999,9.43661971830986
01/12/2016,59,60,10,17.28813559322034
01/13/2016,57,20,5,11.491228070175438
01/14/2016,70,70,-999,-18.6
01/15/2016,78,30,0,13.487179487179487
01/16/2016,117,70,5,31.863247863247864
01/17/2016,76,70,-999,16.789473684210527
01/18/2016,82,60,5,34.146341463414636
01/19/2016,72,30,0,14.180555555555555
01/20/2016,56,30,5,11.660714285714286
01/21/2016,64,40,5,19.21875
01/22/2016,67,10,5,9.328358208955224
01/23/2016,95,60,5,22.736842105263158
01/24/2016,88,70,-999,-7.943181818181818
01/25/2016,88,60,0,17.227272727272727
01/26/2016,54,50,-999,-77.05555555555556
01/27/2016,56,40,5,11.785714285714286
01/28/2016,55,20,5,12.636363636363637
01/29/2016,71,50,5,25.112676056338028
01/30/2016,82,90,-999,-242.5487804878049
01/31/2016,76,60,5,25.342105263157894
02/01/2016,76,50,5,19.526315789473685
02/02/2016,9,30,4,11.555555555555555
02/03/2016,75,30,-999,-134.65333333333334
02/04/2016,70,30,1,13.642857142857142
02/05/2016,99,60,-999,-7.02020202020202
02/06/2016,105,60,-999,-40.695238095238096
02/07/2016,109,70,10,31.34862385321101
02/08/2016,102,90,-999,23.058823529411764
02/09/2016,88,50,-999,10.579545454545455
02/10/2016,81,80,10,18.88888888888889
02/11/2016,54,70,10,26.296296296296298
02/12/2016,100,80,5,28.64
02/13/2016,120,130,-999,22.675
02/14/2016,112,70,5,41.05357142857143
02/15/2016,103,65,-999,11.563106796116505
02/16/2016,104,50,10,21.932692307692307
02/17/2016,92,60,0,21.141304347826086
02/18/2016,83,50,10,23.132530120481928
02/19/2016,88,50,-999,5.8977272727272725
02/20/2016,109,60,-999,-209.6422018348624
02/21/2016,96,60,7,27.833333333333332
02/22/2016,79,60,5,21.253164556962027
02/23/2016,87,40,-999,9.39080459770115
02/24/2016,68,10,-999,-4.985294117647059
02/25/2016,83,60,5,24.180722891566266
02/26/2016,82,40,5,23.0609756097561
02/27/2016,104,50,-999,-2.519230769230769
02/28/2016,83,70,-999,24.53012048192771
02/29/2016,76,50,5,21.763157894736842
03/01/2016,79,40,-999,4.189873417721519
03/02/2016,69,30,-999,-13.405797101449275
03/03/2016,67,40,5,14.208955223880597
03/04/2016,56,50,-999,6.625
03/05/2016,85,70,10,20.870588235294118
03/06/2016,85,70,-999,-83.70588235294117
03/07/2016,90,50,-999,-31.11111111111111
03/08/2016,87,40,-999,9.229885057471265
03/09/2016,76,40,5,13.947368421052632
03/10/2016,77,50,5,14.675324675324676
03/11/2016,84,70,5,30.535714285714285
03/12/2016,96,120,-999,15.375
03/13/2016,86,60,-999,-30.75581395348837
03/14/2016,102,90,-999,-6.7254901960784315
03/15/2016,91,70,10,35.89010989010989
03/16/2016,92,70,5,28.152173913043477
03/17/2016,79,70,-999,-99.43037974683544
03/18/2016,94,70,5,27.9468085106383
03/19/2016,102,60,-999,-1.0490196078431373
03/20/2016,93,60,-999,-89.3763440860215
03/21/2016,103,100,1,46.019417475728154
03/22/2016,88,90,5,46.05681818181818
03/23/2016,97,100,-999,4.546391752577319
03/24/2016,90,80,5,38.27777777777778
03/25/2016,94,80,-999,-62.351063829787236
03/26/2016,105,100,5,32.94285714285714
03/27/2016,96,60,-999,25.166666666666668
03/28/2016,98,70,5,40.61224489795919
03/29/2016,99,95,-999,30.393939393939394
03/30/2016,93,110,5,47.204301075268816
03/31/2016,91,60,-999,-30.98901098901099
04/01/2016,89,80,-999,-1.2696629213483146
04/02/2016,95,70,-999,16.63157894736842
04/03/2016,86,70,-999,11.616279069767442
04/04/2016,106,70,5,32.301886792452834
04/05/2016,93,70,5,34.494623655913976
04/06/2016,96,50,5,27.3125
04/07/2016,101,70,-999,-79.29702970297029
04/08/2016,97,80,-999,17.04123711340206
04/09/2016,90,70,-999,18.211111111111112
04/10/2016,83,60,-999,-47.3855421686747
04/11/2016,88,40,-999,-85.86363636363636
04/12/2016,79,40,5,14.430379746835444
04/13/2016,82,30,-999,-35.8780487804878
04/14/2016,98,40,-999,-95.9795918367347
04/15/2016,92,60,-999,-275.57608695652175
04/16/2016,86,60,5,32.325581395348834
04/17/2016,97,60,-999,-7.907216494845361
04/18/2016,104,60,-999,-64.54807692307692
04/19/2016,70,40,5,19.214285714285715
04/20/2016,83,40,5,16.433734939759034
04/21/2016,36,90,10,20.555555555555557
04/22/2016,19,40,-999,-31.63157894736842
04/23/2016,10,60,20,30.6
04/24/2016,9,60,10,31.11111111111111
04/25/2016,11,50,10,25
04/26/2016,19,60,-999,-34.26315789473684
04/27/2016,74,60,-999,-611.7297297297297
04/28/2016,83,50,-999,12.674698795180722
04/29/2016,83,50,5,21.36144578313253
04/30/2016,92,50,-999,-93.3586956521739
05/01/2016,86,80,-999,-37.73255813953488
05/02/2016,91,90,-999,-73.6923076923077
05/03/2016,87,40,-999,-94.49425287356321
05/04/2016,85,20,5,10
05/05/2016,83,50,-999,7.120481927710843
05/06/2016,65,50,-999,-18.03076923076923
05/07/2016,103,50,3,21.689320388349515
05/08/2016,94,45,-999,-90.11702127659575
05/09/2016,90,40,3,14.455555555555556
05/10/2016,71,60,-999,-52.95774647887324
05/11/2016,5,40,2,18.8
05/12/2016,5,40,1,17.2
05/13/2016,90,60,-999,5.222222222222222
05/14/2016,56,60,10,31.517857142857142
05/15/2016,62,50,5,20.451612903225808
05/16/2016,60,50,-999,3.55
05/17/2016,45,55,5,19.444444444444443
05/18/2016,73,70,-999,9.493150684931507
05/19/2016,84,70,-999,15.94047619047619
05/20/2016,87,70,10,26.011494252873565
05/21/2016,104,120,-999,15.173076923076923
05/22/2016,87,70,5,33.10344827586207
05/23/2016,95,70,5,31.957894736842107
05/24/2016,82,130,-999,-132.53658536585365
05/25/2016,85,90,5,29.235294117647058
05/26/2016,87,70,-999,-44.252873563218394
05/27/2016,131,50,-999,15.091603053435115
05/28/2016,151,60,-999,15.966887417218542
05/29/2016,133,100,5,34.11278195488722
05/30/2016,140,50,-999,-76.36428571428571
05/31/2016,135,80,5,25.85185185185185
06/01/2016,121,70,5,20.206611570247933
06/02/2016,125,50,5,19.632
06/03/2016,134,55,4,19.888059701492537
06/04/2016,130,80,-999,16.369230769230768
06/05/2016,123,70,-999,-32.666666666666664
06/06/2016,137,70,-999,-58.043795620437955
06/07/2016,134,70,5,22.671641791044777
06/08/2016,128,60,-999,-5.2890625
06/09/2016,129,90,-999,15.55813953488372
06/10/2016,132,70,-999,-47.20454545454545
06/11/2016,137,60,5,18.919708029197082
06/12/2016,133,50,-999,-5.593984962406015
06/13/2016,134,80,5,24.17910447761194
06/14/2016,134,100,-999,21.28358208955224
06/15/2016,125,40,5,14.48
06/16/2016,128,70,-999,-55.1953125
06/17/2016,122,35,-999,-35.614754098360656
06/18/2016,128,90,3,14.5546875
06/19/2016,124,70,-999,-0.04838709677419355
06/20/2016,133,80,-999,-50.05263157894737
06/21/2016,127,80,10,25.283464566929133
06/22/2016,124,40,-999,7.556451612903226
06/23/2016,121,40,5,13.768595041322314
06/24/2016,129,70,5,15.093023255813954
06/25/2016,138,80,5,17.507246376811594
06/26/2016,131,30,0,15.625954198473282
06/27/2016,134,70,5,26.828358208955223
06/28/2016,125,130,1,20.576
06/29/2016,123,50,-999,-17.32520325203252
06/30/2016,121,70,-999,-77.33884297520662
07/01/2016,120,35,-999,-35.15833333333333
07/02/2016,136,60,-999,10.279411764705882
07/03/2016,115,40,-999,-25.695652173913043
07/04/2016,130,30,-999,-25.576923076923077
07/05/2016,123,70,5,25.203252032520325
07/06/2016,120,60,-999,3.8916666666666666
07/07/2016,119,90,-999,-7.915966386554622
07/08/2016,125,40,0,12.472
07/09/2016,116,60,-999,-250.20689655172413
07/10/2016,113,40,-999,-99.51327433628319
07/11/2016,134,70,5,23.28358208955224
07/12/2016,123,60,-999,15.821138211382113
07/13/2016,126,90,-999,-48.95238095238095
07/14/2016,120,70,5,19.358333333333334
07/15/2016,122,120,-999,-109.18032786885246
07/16/2016,123,50,-999,4.186991869918699
07/17/2016,113,60,-999,17.088495575221238
07/18/2016,133,60,-999,-34.443609022556394
07/19/2016,125,80,-999,6.872
07/20/2016,120,50,-999,-34.358333333333334
07/21/2016,109,60,-999,0.11009174311926606
07/22/2016,116,50,0,14.775862068965518
07/23/2016,135,70,5,23.503703703703703
07/24/2016,127,75,-999,-138.09448818897638
11/20/2016,88,95,-999,36.14772727272727
11/21/2016,93,90,-999,35.12903225806452
11/22/2016,84,95,-999,38.845238095238095
11/23/2016,81,90,-999,-44.54320987654321
11/24/2016,80,100,5,49.7375
11/25/2016,94,100,-999,0.6808510638297872
11/26/2016,100,80,-999,-130.21
11/27/2016,81,70,-999,5.728395061728395
11/28/2016,94,50,-999,-10.73404255319149
11/29/2016,79,110,-999,-57.822784810126585
11/30/2016,83,300,-999,-572.9759036144578
12/01/2016,61,5,-999,-982.5409836065573
12/02/2016,77,80,-999,1.6883116883116882
12/03/2016,90,50,-999,-9.133333333333333
12/04/2016,86,60,5,26.941860465116278
12/05/2016,101,50,3,20.11881188118812
12/06/2016,87,45,-999,-8.448275862068966
12/07/2016,70,100,1,15.857142857142858
12/08/2016,85,90,-999,21.223529411764705
12/09/2016,84,55,-999,-12.642857142857142
12/10/2016,78,60,5,26.08974358974359
12/11/2016,73,90,-999,-149.68493150684932
12/12/2016,94,70,5,30.393617021276597
12/13/2016,83,50,5,20.301204819277107
12/14/2016,83,40,-999,-7.518072289156627
12/15/2016,88,70,10,18.704545454545453
12/16/2016,87,50,-999,-10.839080459770114
12/17/2016,99,70,5,35.666666666666664
12/18/2016,90,70,-999,-2.8444444444444446
12/19/2016,106,90,-999,-247.85849056603774
12/20/2016,94,90,-999,17.51063829787234
12/21/2016,87,80,-999,-68.80459770114942
12/22/2016,88,80,5,24.318181818181817
12/23/2016,81,65,-999,-61.39506172839506
12/24/2016,77,60,5,20.285714285714285
12/25/2016,102,60,-999,-4.911764705882353
12/26/2016,110,80,-999,-37.8
12/27/2016,98,285,-999,12.459183673469388
12/28/2016,102,120,-999,40.51960784313726
12/29/2016,100,120,4,60.17
12/30/2016,102,100,-999,-40.19607843137255
12/31/2016,103,80,-999,4.339805825242719
01/01/2017,86,90,5,34.24418604651163
01/02/2017,77,110,-999,-95.49350649350649
01/03/2017,82,70,-999,-56.24390243902439
01/04/2017,72,110,-999,-172.69444444444446
01/05/2017,85,85,5,38.49411764705882
01/06/2017,76,110,-999,19.05263157894737
01/07/2017,84,70,5,25.178571428571427
01/08/2017,88,60,-999,2.4545454545454546
01/09/2017,92,40,3,17.58695652173913
01/10/2017,77,60,-999,6.5064935064935066
01/11/2017,80,40,10,14.25
01/12/2017,98,50,-999,-14.10204081632653
01/13/2017,79,50,-999,-33.30379746835443
01/14/2017,97,80,-999,-12.030927835051546
01/15/2017,82,100,5,55.792682926829265
01/16/2017,101,65,5,36.98019801980198
01/17/2017,79,50,-999,2.1645569620253164
01/18/2017,89,40,-999,-8.280898876404494
01/19/2017,89,40,-999,-21.39325842696629
01/20/2017,64,45,-999,1.453125
01/21/2017,78,105,-999,22.423076923076923
01/22/2017,29,40,-999,-19.448275862068964
01/22/2017,43,74,2,15.953488372093023
01/23/2017,88,60,-999,-111.625
01/24/2017,88,40,-999,6.818181818181818
01/25/2017,79,30,5,11.886075949367088
01/26/2017,21,35,5,12.761904761904763
01/27/2017,87,40,-999,-16.862068965517242
01/28/2017,60,60,-999,-5.65
01/29/2017,56,30,-999,-42.892857142857146
01/30/2017,86,110,-999,-141.53488372093022
01/31/2017,92,60,5,15.597826086956522
02/01/2017,92,40,-999,-106.6086956521739
02/02/2017,93,110,-999,-135.70967741935485
02/03/2017,92,60,-999,0.2608695652173913
02/04/2017,99,65,5,30.606060606060606
02/05/2017,96,60,5,32.802083333333336
02/06/2017,100,70,-999,-16.44
02/07/2017,97,70,-999,-62.54639175257732
02/08/2017,95,30,-999,-70.4421052631579
02/09/2017,92,60,-999,-181.20652173913044
02/10/2017,92,80,0,27.347826086956523
02/11/2017,101,75,-999,23.574257425742573
02/12/2017,96,70,-999,3.625
02/13/2017,108,70,5,27.73148148148148
02/14/2017,97,80,-999,-125.50515463917526
02/15/2017,99,70,-999,-3.919191919191919
02/16/2017,96,50,-999,9.645833333333334
02/17/2017,100,80,5,24.15
02/18/2017,105,90,5,40.38095238095238
02/19/2017,106,90,5,50.74528301886792
02/20/2017,114,70,5,36.3859649122807
02/21/2017,107,90,-999,-100.48598130841121
02/22/2017,86,70,-999,14.13953488372093
02/23/2017,101,75,-999,-42.445544554455445
02/24/2017,100,50,3,21.57
02/25/2017,110,80,-999,-24.672727272727272
02/26/2017,104,70,5,36.14423076923077
02/27/2017,115,65,5,29.08695652173913
02/28/2017,62,60,5,29.758064516129032
03/01/2017,97,30,5,15.484536082474227
03/02/2017,103,60,5,27.650485436893202
03/03/2017,104,80,-999,-14.548076923076923
03/04/2017,105,70,-999,-56.44761904761905
03/05/2017,98,90,-999,-8.989795918367347
03/06/2017,121,65,-999,-54.752066115702476
03/07/2017,102,60,-999,-7.519607843137255
03/08/2017,101,45,-999,-24.128712871287128
03/09/2017,96,50,-999,-84.41666666666667
03/10/2017,103,55,5,26.796116504854368
03/11/2017,108,80,5,35.138888888888886
03/12/2017,110,60,-999,0.14545454545454545
03/13/2017,114,90,-999,10.105263157894736
03/14/2017,117,110,-999,48.58974358974359
03/15/2017,116,90,-999,-130.75
03/16/2017,109,90,5,42.68807339449541
03/17/2017,109,95,-999,-14.44954128440367
03/18/2017,117,70,-999,24.76068376068376
03/19/2017,111,85,5,34.171171171171174
03/20/2017,113,65,-999,-106.47787610619469
03/21/2017,112,80,-999,-27.526785714285715
03/22/2017,103,60,-999,-77.52427184466019
03/23/2017,113,90,-999,24.469026548672566
03/24/2017,108,55,-999,-77.33333333333333
03/25/2017,120,70,-999,14.466666666666667
03/26/2017,118,75,-999,-18.449152542372882
03/27/2017,119,75,-999,13.840336134453782
03/28/2017,118,70,-999,26.33050847457627
03/29/2017,110,40,5,16.445454545454545
03/30/2017,110,60,0,21
03/31/2017,106,90,-999,-55.25471698113208
04/01/2017,115,70,-999,-16.756521739130434
04/02/2017,104,55,-999,6
04/03/2017,123,60,0,31.634146341463413
04/04/2017,111,70,5,33.972972972972975
04/05/2017,110,50,5,18.145454545454545
04/06/2017,109,60,-999,10.311926605504587
04/07/2017,113,55,-999,21.858407079646017
04/08/2017,109,80,-999,2.5045871559633026
04/09/2017,108,80,-999,-30.074074074074073
04/10/2017,111,60,5,32.27927927927928
04/11/2017,110,80,-999,31.154545454545456
04/12/2017,104,70,-999,-67.36538461538461
04/13/2017,106,60,-999,-448.49056603773585
04/14/2017,113,50,3,29.964601769911503
04/15/2017,110,65,-999,22.636363636363637
04/16/2017,109,60,-999,0.3853211009174312
04/17/2017,110,50,-999,-31.245454545454546
04/18/2017,106,70,-999,-119.73584905660377
04/19/2017,109,60,-999,-121.91743119266054
04/20/2017,114,45,5,18.842105263157894
04/21/2017,120,60,-999,9.458333333333334
04/22/2017,120,75,-999,-57.31666666666667
04/23/2017,112,70,-999,-47.910714285714285
04/24/2017,122,45,-999,0.6967213114754098
04/25/2017,110,45,-999,-137.29090909090908
04/26/2017,112,40,0,14.464285714285714
04/27/2017,110,40,-999,-77.51818181818182
04/28/2017,103,60,-999,-463.94174757281553
04/29/2017,109,65,-999,20.990825688073393
04/30/2017,115,60,-999,-131.56521739130434
05/01/2017,118,45,-999,0.1271186440677966
05/02/2017,103,30,0,10.970873786407767
05/03/2017,106,45,-999,4.39622641509434
05/04/2017,104,45,5,25.28846153846154
05/05/2017,112,55,0,28
05/06/2017,117,80,-999,-41.17094017094017
05/07/2017,111,75,-999,-676.7027027027027
05/08/2017,122,75,-999,-399.78688524590166
05/09/2017,122,50,-999,-99.6311475409836
05/10/2017,108,40,5,16.35185185185185
05/11/2017,117,55,-999,-35.92307692307692
05/12/2017,118,80,-999,-152.8135593220339
05/13/2017,126,80,-999,-112.37301587301587
05/14/2017,115,55,-999,14.095652173913043
05/15/2017,117,75,-999,-158.77777777777777
05/16/2017,114,75,-999,-92.07894736842105
05/17/2017,118,45,-999,8.847457627118644
05/18/2017,106,70,5,28.056603773584907
05/19/2017,107,55,5,25.981308411214954
05/20/2017,116,80,-999,-113.22413793103448
05/21/2017,113,70,-999,-15.176991150442477
05/22/2017,114,60,-999,-98.94736842105263
05/23/2017,113,80,5,26.398230088495577
05/24/2017,71,35,5,13.23943661971831
05/25/2017,107,65,-999,-63.41121495327103
05/26/2017,108,55,-999,7.101851851851852
05/27/2017,142,60,-999,26.309859154929576
05/28/2017,127,60,-999,-35.874015748031496
05/29/2017,134,55,-999,10.753731343283581
05/30/2017,130,60,-999,11.384615384615385
05/31/2017,135,65,-999,-44.45925925925926
06/01/2017,131,55,-999,-5.893129770992366
06/02/2017,135,75,-999,3.0296296296296297
06/03/2017,145,70,0,23.33103448275862
06/04/2017,147,60,5,16.46938775510204
06/05/2017,147,65,0,24.53061224489796
06/06/2017,124,60,5,23.943548387096776
06/07/2017,127,65,5,22.04724409448819
06/08/2017,144,60,-999,-103.77083333333333
06/09/2017,138,50,-999,-4.239130434782608
06/10/2017,142,45,0,15.788732394366198
06/11/2017,133,40,-999,-69.1203007518797
06/12/2017,147,60,5,24.482993197278912
06/13/2017,148,45,-999,7.52027027027027
06/14/2017,133,40,-999,5.105263157894737
06/15/2017,134,60,-999,-145.02985074626866
06/16/2017,135,60,-999,-84.60740740740741
06/17/2017,144,40,4,7.659722222222222
06/18/2017,133,30,1,10.789473684210526
06/19/2017,129,75,-999,-23.05426356589147
06/20/2017,133,55,-999,-146.15037593984962
06/21/2017,106,45,-999,-52.905660377358494
06/22/2017,130,65,-999,-87.2
06/23/2017,157,50,-999,-123.35668789808918
06/24/2017,167,35,-999,-96.53892215568862
06/25/2017,160,40,-999,-120.16875
06/26/2017,174,70,-999,-119.47701149425288
06/27/2017,162,60,-999,-251.5493827160494
06/28/2017,156,65,-999,-141.16666666666666
06/29/2017,156,45,-999,-97.4551282051282
06/30/2017,158,65,-999,-116.24050632911393
07/01/2017,165,45,-999,-233.05454545454546
07/02/2017,161,60,-999,-107.03726708074534
07/03/2017,159,65,-999,-305.0943396226415
07/04/2017,170,45,-999,-99.38823529411765
07/05/2017,48,45,-999,-22.75
07/05/2017,106,60,-999,-164.12264150943398
07/06/2017,138,55,-999,-128.83333333333334
07/07/2017,147,35,-999,-122.01360544217687
07/08/2017,152,60,-999,-111.15789473684211
07/09/2017,144,45,-999,-227.34027777777777
07/10/2017,149,60,-999,-172.98657718120805
07/11/2017,141,70,-999,-95.54609929078015
07/12/2017,139,65,-999,-111.10071942446044
07/13/2017,148,65,-999,-328.9594594594595
07/14/2017,141,55,-999,-114.72340425531915
07/15/2017,148,45,-999,-186.25
07/16/2017,139,60,-999,-171.07194244604315
07/17/2017,148,55,-999,-270.9932432432432
07/18/2017,139,90,-999,-98.10791366906474
07/19/2017,141,105,-999,-411.1276595744681
07/20/2017,146,85,-999,-99.10958904109589
07/21/2017,143,75,-999,-105.61538461538461
07/22/2017,149,60,-999,-109.36241610738254
07/23/2017,143,40,-999,-150.2237762237762
07/24/2017,149,90,-999,-716.6174496644295
07/25/2017,141,70,-999,-98.2482269503546
07/26/2017,142,115,-999,-129.45070422535213
07/27/2017,138,70,-999,-103.3840579710145
07/28/2017,140,70,-999,-201.13571428571427
07/29/2017,150,70,-999,-138.91333333333333
07/30/2017,143,50,-999,-142.74825174825176
07/31/2017,149,70,-999,-94.91275167785236
08/01/2017,142,60,-999,-121.40845070422536
08/02/2017,140,55,-999,-132.68571428571428
08/03/2017,141,60,-999,-263.88652482269504
08/04/2017,138,55,-999,-168.3985507246377
08/05/2017,158,60,-999,-97.81645569620254
08/06/2017,145,45,-999,-111.23448275862069
08/07/2017,151,65,-999,-225.82781456953643
08/08/2017,139,55,-999,-227.84172661870502
08/09/2017,141,65,-999,-113.34751773049645
08/10/2017,146,50,-999,-116.05479452054794
08/11/2017,146,85,-999,-276.63013698630135
08/12/2017,152,55,-999,-479.2236842105263
08/13/2017,145,60,-999,-146.80689655172415
08/14/2017,155,60,-999,-167.54193548387096
08/15/2017,144,80,-999,-103.97222222222223
08/16/2017,143,50,-999,-118.84615384615384
08/17/2017,149,60,-999,-488.9463087248322
08/18/2017,155,77,-999,-90.56129032258065
08/19/2017,158,50,-999,-119.63924050632912
08/20/2017,125,45,-999,1.944
08/21/2017,137,70,-999,6.817518248175182
08/22/2017,126,65,-999,-133.84920634920636
08/23/2017,121,45,-999,11.305785123966942
08/24/2017,125,60,-999,6.776
08/25/2017,127,60,-999,-21.811023622047244
08/26/2017,138,70,-999,-212.15217391304347
08/27/2017,123,65,-999,-64.90243902439025
08/28/2017,138,85,-999,-90.23913043478261
08/29/2017,122,60,-999,-53.368852459016395
08/30/2017,69,30,-999,-14.72463768115942
08/30/2017,50,37,-999,-312.24
08/31/2017,120,50,-999,6.091666666666667
09/01/2017,120,55,-999,7.708333333333333
09/02/2017,144,65,-999,-345.69444444444446
09/03/2017,118,60,-999,-99.9322033898305
09/04/2017,122,45,5,18.42622950819672
09/05/2017,115,30,-999,-267.54782608695655
09/06/2017,115,25,5,9.591304347826087
09/07/2017,116,30,-999,-5.206896551724138
09/08/2017,114,25,-999,-230.2017543859649
09/09/2017,110,25,-999,-64.52727272727273
09/12/2017,111,25,-999,-89.90090090090091
09/13/2017,115,45,-999,-77.51304347826087
09/14/2017,120,26,-999,-14.658333333333333
09/15/2017,112,20,-999,-52.4375
09/16/2017,122,35,5,16.385245901639344
09/17/2017,114,50,-999,7.605263157894737
09/18/2017,130,45,-999,11.6
09/19/2017,115,45,-999,9.278260869565218
09/20/2017,119,35,-999,-5.084033613445378
09/21/2017,121,65,-999,-28.71900826446281
09/22/2017,115,55,-999,-5.947826086956522
09/23/2017,130,55,-999,0.4
09/24/2017,117,45,-999,10.222222222222221
09/25/2017,132,60,-999,-16.681818181818183
09/26/2017,112,50,5,17.008928571428573
09/27/2017,112,35,-999,4.919642857142857
09/28/2017,114,45,-999,-187.94736842105263
09/29/2017,113,55,-999,-37.283185840707965
09/30/2017,124,35,-999,10.475806451612904
10/01/2017,117,45,-999,-59.17094017094017
10/02/2017,120,70,-999,-179.225
10/03/2017,112,50,-999,-1.7053571428571428
10/04/2017,111,35,-999,3.8018018018018016
10/05/2017,110,40,-999,7.5181818181818185
10/06/2017,115,80,-999,-360.704347826087
10/07/2017,129,70,-999,21.34108527131783
10/08/2017,118,75,-999,7.61864406779661
10/09/2017,132,70,-999,30.575757575757574
10/10/2017,116,60,-999,-0.8189655172413793
10/11/2017,119,60,-999,5.840336134453781
10/12/2017,117,85,-999,8.658119658119658
10/13/2017,117,70,-999,-47.27350427350427
10/14/2017,141,60,-999,-13.73758865248227
10/15/2017,115,60,5,29.36521739130435
10/16/2017,132,60,-999,6.946969696969697
10/17/2017,115,40,-999,13.173913043478262
10/18/2017,110,45,-999,-12.190909090909091
10/19/2017,96,50,-999,13.395833333333334
10/20/2017,117,70,-999,21.333333333333332
10/21/2017,136,60,-999,-5.6911764705882355
10/22/2017,122,65,-999,2.5491803278688523
10/23/2017,124,60,-999,8.451612903225806
10/24/2017,110,65,-999,-8.245454545454546
10/25/2017,114,55,-999,-103.3157894736842
10/26/2017,113,50,-999,-5.265486725663717
10/27/2017,117,50,-999,14.675213675213675
10/28/2017,126,60,-999,11.357142857142858
10/29/2017,110,70,-999,-52.163636363636364
10/30/2017,110,55,-999,17.79090909090909
10/31/2017,125,60,-999,4.68
11/01/2017,104,40,-999,-4.980769230769231
11/02/2017,102,50,5,17.5
11/03/2017,104,35,-999,4.8173076923076925
11/04/2017,118,50,5,27.084745762711865
11/05/2017,116,42,5,24.913793103448278
11/06/2017,117,60,-999,-14.333333333333334
11/07/2017,113,50,-999,14.628318584070797
11/08/2017,122,50,4,20.4672131147541
11/09/2017,106,55,-999,2.80188679245283
11/10/2017,109,80,-999,-66.04587155963303
11/11/2017,109,60,5,29.55045871559633
11/12/2017,105,65,-999,-59.84761904761905
11/13/2017,117,65,-999,11.128205128205128
11/14/2017,102,50,-999,-238.12745098039215
11/15/2017,111,30,-999,-14.567567567567568
11/16/2017,108,45,4,14.796296296296296
11/17/2017,106,50,-999,12.69811320754717
11/18/2017,116,50,5,22.862068965517242
11/19/2017,137,80,-999,17.423357664233578
11/20/2017,145,110,-999,40.95172413793104
11/21/2017,135,85,-999,34.71851851851852
11/22/2017,134,115,-999,6.791044776119403
11/23/2017,139,60,-999,1.20863309352518
11/24/2017,129,75,-999,23.65891472868217
11/25/2017,146,100,-999,14.308219178082192
11/26/2017,102,45,-999,9.715686274509803
11/27/2017,107,50,-999,12.345794392523365
11/28/2017,107,50,5,14.36448598130841
11/29/2017,113,30,5,13.654867256637168
11/30/2017,107,45,5,23.214953271028037
12/01/2017,108,50,-999,-24.38888888888889
12/02/2017,118,60,-999,2.2542372881355934
12/03/2017,106,70,-999,-30.556603773584907
12/04/2017,121,45,-999,-28.132231404958677
12/05/2017,106,55,-999,-342.41509433962267
12/06/2017,104,25,-999,-16.26923076923077
12/07/2017,108,45,-999,16.24074074074074
12/08/2017,109,50,-999,-78.13761467889908
12/09/2017,118,70,-999,-4.627118644067797
12/10/2017,113,75,-999,-14.026548672566372
12/11/2017,89,55,-999,9.786516853932584
12/12/2017,110,70,-999,-98.1
12/13/2017,112,50,-999,8.035714285714286
12/14/2017,108,45,5,23.203703703703702
12/15/2017,111,65,-999,0.2882882882882883
12/16/2017,117,60,-999,19.316239316239315
12/17/2017,111,60,-999,-166.74774774774775
12/18/2017,119,96,-999,-43.21008403361345
12/19/2017,126,85,-999,23.19047619047619
12/20/2017,69,50,-999,16.246376811594203
12/21/2017,112,65,-999,26.830357142857142
12/22/2017,111,75,-999,28.8018018018018
12/23/2017,111,95,-999,-26.1981981981982
12/24/2017,136,85,-999,25.889705882352942
12/25/2017,143,105,-999,23.888111888111887
12/26/2017,138,100,-999,-80.1304347826087
12/27/2017,143,110,-999,43.37062937062937
12/28/2017,132,110,-999,41.303030303030305
12/29/2017,133,110,-999,13.24812030075188
12/30/2017,146,120,3,59.54794520547945
12/31/2017,134,100,-999,5.604477611940299
01/01/2018,117,55,-999,10.324786324786325
01/02/2018,119,130,-999,0.8571428571428571
01/03/2018,112,55,-999,14.348214285714286
01/04/2018,119,180,-999,33.78991596638655
01/05/2018,121,110,-999,50.19834710743802
01/06/2018,129,80,-999,-0.8372093023255814
01/07/2018,108,65,-999,-214.0462962962963
01/08/2018,124,105,-999,1.2903225806451613
01/09/2018,108,60,-999,-20.63888888888889
01/10/2018,107,65,-999,2.2149532710280373
01/11/2018,116,75,-999,18.06896551724138
01/12/2018,107,90,-999,-138.38317757009347
01/13/2018,126,80,-999,11.865079365079366
01/14/2018,112,115,5,38.598214285714285
01/15/2018,122,95,-999,20.352459016393443
01/16/2018,106,70,-999,-6.839622641509434
01/17/2018,109,50,-999,-0.7798165137614679
01/18/2018,110,60,-999,-7.463636363636364
01/19/2018,112,65,-999,16.285714285714285
01/20/2018,112,90,-999,-241.16071428571428
01/21/2018,106,45,-999,19.89622641509434
01/22/2018,119,80,-999,15.840336134453782
01/23/2018,106,55,-999,-13.339622641509434
01/24/2018,108,45,5,21.39814814814815
01/25/2018,113,75,-999,28.221238938053098
01/26/2018,111,60,-999,-4.414414414414415
01/27/2018,119,110,5,32.35294117647059
01/28/2018,111,70,-999,-75.04504504504504
01/29/2018,120,75,-999,-15.2
01/30/2018,110,115,-999,-3.6363636363636362
01/31/2018,109,40,-999,12.339449541284404
02/01/2018,108,50,-999,18.84259259259259
02/02/2018,120,60,-999,-4.533333333333333
02/03/2018,108,70,-999,-152.91666666666666
02/04/2018,110,50,-999,6.072727272727272
02/05/2018,119,80,-999,11.890756302521009
02/06/2018,7,15,5,9.285714285714286
02/06/2018,101,45,5,24.95049504950495
02/07/2018,109,45,-999,-2.5596330275229358
02/08/2018,103,50,-999,-9.689320388349515
02/09/2018,102,100,-999,11.450980392156863
02/10/2018,123,65,-999,13.91869918699187
02/11/2018,113,80,-999,-479.49557522123894
02/12/2018,139,100,-999,8.086330935251798
02/13/2018,105,90,-999,-72.83809523809524
02/14/2018,104,55,-999,-306.40384615384613
02/15/2018,98,90,10,46.42857142857143
02/16/2018,129,85,-999,-81.0077519379845
02/17/2018,135,100,-999,-2.474074074074074
02/18/2018,121,85,-999,19.735537190082646
02/19/2018,138,80,-999,28.91304347826087
02/20/2018,121,95,-999,23.47107438016529
02/21/2018,118,70,-999,9.177966101694915
02/22/2018,118,70,-999,-119.7457627118644
02/23/2018,119,75,-999,15.638655462184873
02/24/2018,133,70,-999,-34.16541353383459
02/25/2018,110,65,-999,-116.01818181818182
02/26/2018,117,90,2,24.94017094017094
02/27/2018,118,40,-999,-0.7627118644067796
02/28/2018,115,25,-999,-134.83478260869566
03/01/2018,114,55,-999,10.526315789473685
03/02/2018,124,65,-999,-19.39516129032258
03/03/2018,136,105,-999,-1.6911764705882353
03/04/2018,125,105,-999,-107.744
03/05/2018,130,70,-999,-109.85384615384615
03/06/2018,121,70,-999,-3.2231404958677685
03/07/2018,121,75,-999,3.7107438016528924
03/08/2018,117,85,-999,-12.47008547008547
03/09/2018,118,60,-999,-318.6864406779661
03/10/2018,78,110,-999,-153.98717948717947
03/10/2018,57,105,-999,-14.701754385964913
03/11/2018,131,90,-999,15.923664122137405
03/12/2018,159,120,-999,48.55345911949686
03/13/2018,129,90,-999,-121.1937984496124
03/14/2018,138,100,-999,38.210144927536234
03/15/2018,131,90,-999,28.267175572519083
03/16/2018,135,140,-999,19.54074074074074
03/17/2018,145,70,-999,-138.31034482758622
03/18/2018,127,40,-999,-50.732283464566926
03/19/2018,138,80,-999,-85.7463768115942
03/20/2018,127,45,-999,-94.23622047244095
03/21/2018,121,90,-999,19.09090909090909
03/22/2018,126,95,-999,17.634920634920636
03/23/2018,132,60,-999,-94.62121212121212
03/24/2018,144,95,-999,-44.05555555555556
03/25/2018,142,165,-999,19.267605633802816
03/26/2018,156,95,5,46.66025641025641
03/27/2018,140,110,-999,39
03/28/2018,146,80,-999,7.3493150684931505
03/29/2018,139,85,-999,29.68345323741007
03/30/2018,147,75,-999,25.25170068027211
03/31/2018,154,110,-999,-33.311688311688314
04/01/2018,131,85,5,37.2442748091603
04/02/2018,156,80,-999,23.121794871794872
04/03/2018,147,95,-999,35.63945578231292
04/04/2018,143,95,-999,40.45454545454545
04/05/2018,140,120,-999,40.77142857142857
04/06/2018,138,80,-999,31.384057971014492
04/07/2018,148,90,-999,-1.3581081081081081
04/08/2018,118,40,-999,-3.788135593220339
04/09/2018,131,85,-999,-36.44274809160305
04/10/2018,122,25,-999,-4.688524590163935
04/11/2018,120,50,-999,16.275
04/12/2018,119,70,-999,22.403361344537814
04/13/2018,123,55,-999,-5.699186991869919
04/14/2018,136,85,-999,-85.04411764705883
04/15/2018,120,65,-999,-156.1
04/16/2018,132,85,-999,13.204545454545455
04/17/2018,116,70,-999,17.482758620689655
04/18/2018,126,50,-999,-6.484126984126984
04/19/2018,125,60,-999,1.32
04/20/2018,120,65,-999,-39.608333333333334
04/21/2018,141,95,-999,23.340425531914892
04/22/2018,133,55,-999,-10.293233082706767
04/23/2018,130,60,-999,14.753846153846155
04/24/2018,118,60,-999,-2.093220338983051
04/25/2018,132,90,-999,8.166666666666666
04/26/2018,121,130,-999,-186.13223140495867
04/27/2018,118,95,-999,-3.7033898305084745
04/28/2018,151,80,-999,-157.36423841059602
04/29/2018,135,70,-999,8.2
04/30/2018,133,85,-999,-54.24812030075188
05/01/2018,134,55,-999,12.544776119402986
05/02/2018,131,35,-999,-8.755725190839694
05/03/2018,135,60,-999,-86.98518518518519
05/04/2018,134,90,-999,0.7089552238805971
05/05/2018,145,115,-999,-36.84137931034483
05/06/2018,134,95,-999,-0.6865671641791045
05/07/2018,131,110,-999,8.053435114503817
05/08/2018,131,45,-999,-32.213740458015266
05/09/2018,3,32,12,23
05/10/2018,3,55,25,40
05/11/2018,5,40,-999,-176.2
05/12/2018,9,70,-999,-199.77777777777777
05/13/2018,120,80,-999,1.9166666666666667
05/14/2018,135,70,-999,-29.42962962962963
05/15/2018,132,90,-999,2.9015151515151514
05/16/2018,125,35,-999,-1.528
05/17/2018,124,85,-999,-74.08064516129032
05/18/2018,132,105,-999,19.431818181818183
05/19/2018,135,85,-999,-383.6296296296296
05/20/2018,131,35,-999,7.847328244274809
05/21/2018,135,100,-999,-137.8148148148148
05/22/2018,131,105,-999,-74.59541984732824
05/23/2018,131,55,-999,-255.29770992366412
05/24/2018,131,90,-999,-8.870229007633588
05/25/2018,141,120,-999,-155.46099290780143
05/26/2018,154,70,-999,10.87012987012987
05/27/2018,151,90,-999,-252.89403973509934
05/28/2018,140,155,-999,-243.11428571428573
05/29/2018,131,145,5,37.38167938931298
05/30/2018,131,55,-999,10.992366412213741
05/31/2018,134,70,-999,20.813432835820894
06/01/2018,137,65,5,28.927007299270073
06/02/2018,140,95,5,34.121428571428574
06/03/2018,144,70,-999,23.72222222222222
06/04/2018,142,65,-999,7.253521126760563
06/05/2018,144,75,-999,-77.29861111111111
06/06/2018,149,85,-999,-37.557046979865774
06/07/2018,139,105,-999,-26.258992805755394
06/08/2018,148,100,-999,-43.939189189189186
06/09/2018,144,60,-999,-47.80555555555556
06/10/2018,151,65,-999,-53.847682119205295
06/11/2018,155,95,-999,-18.6
06/12/2018,151,84,-999,-29.490066225165563
06/13/2018,147,75,-999,-398.1224489795918
06/14/2018,148,90,-999,-55.763513513513516
06/15/2018,152,100,-999,-42.578947368421055
06/16/2018,150,105,-999,-78.23333333333333
06/17/2018,156,60,-999,-68.82692307692308
06/18/2018,148,70,-999,-30.304054054054053
06/19/2018,147,85,-999,-31.156462585034014
06/20/2018,152,55,-999,-290.9013157894737
06/21/2018,149,120,-999,-285.1409395973154
06/22/2018,148,80,-999,-137.7972972972973
06/23/2018,153,115,-999,-179.99346405228758
06/24/2018,151,90,-999,-58.370860927152314
06/25/2018,151,100,-999,-59.688741721854306
06/26/2018,147,70,-999,-47.27891156462585
06/27/2018,151,85,-999,-67.83443708609272
06/28/2018,154,80,-999,-92.75324675324676
06/29/2018,148,90,-999,-95.11486486486487
06/30/2018,153,80,-999,-166.72549019607843
07/01/2018,138,100,-999,-48.88405797101449
07/02/2018,143,145,-999,-149.44755244755245
07/03/2018,136,105,-999,-108.05882352941177
07/04/2018,158,80,-999,-69.17721518987342
07/05/2018,138,95,-999,-41.98550724637681
07/06/2018,112,70,-999,-616.6071428571429
07/07/2018,158,150,-999,-122.30379746835443
07/08/2018,147,70,-999,-125.63945578231292
07/09/2018,147,70,-999,-70.2312925170068
07/10/2018,140,70,-999,-152.05714285714285
07/11/2018,140,60,-999,-104.89285714285714
07/12/2018,137,70,-999,-47.29197080291971
07/13/2018,139,65,-999,-36.12230215827338
07/14/2018,152,125,-999,-202.32236842105263
07/15/2018,133,90,-999,-252.4436090225564
07/16/2018,145,85,-999,-47.33103448275862
07/17/2018,135,65,-999,-47.148148148148145
07/18/2018,139,85,-999,-83.44604316546763
07/19/2018,137,60,-999,-69.39416058394161
07/20/2018,132,70,-999,-136.37121212121212
07/21/2018,144,60,-999,-87.71527777777777
07/22/2018,138,60,-999,-418.84057971014494
07/23/2018,152,95,-999,-184
07/24/2018,136,120,-999,-57.919117647058826
07/25/2018,135,95,-999,-75.6
07/26/2018,136,70,-999,-350.34558823529414
07/27/2018,144,80,-999,-185.79166666666666
07/28/2018,157,60,-999,-37.1656050955414
07/29/2018,137,60,-999,-49.802919708029194
07/30/2018,146,115,-999,-41.21232876712329
07/31/2018,135,95,-999,-48.27407407407407
08/01/2018,124,75,-999,-59.943548387096776
08/02/2018,134,50,-999,-71.67164179104478
08/03/2018,137,145,-999,-44.22627737226277
08/04/2018,143,75,-999,-162.34965034965035
08/05/2018,130,65,-999,-182.85384615384615
08/06/2018,136,85,-999,-68.02941176470588
08/07/2018,128,70,-999,-73.328125
08/08/2018,127,65,-999,-75.7244094488189
08/09/2018,131,80,-999,-74.59541984732824
08/10/2018,129,75,-999,-43.798449612403104
08/11/2018,154,95,-999,-52.811688311688314
08/12/2018,136,70,-999,-44.9264705882353
08/13/2018,130,85,-999,-96.71538461538462
08/14/2018,136,95,-999,-259.55882352941177
08/15/2018,131,67,-999,-174.12213740458014
08/16/2018,132,65,-999,-45.97727272727273
08/17/2018,131,60,-999,-59.396946564885496
08/18/2018,153,70,-999,-169.08496732026143
08/19/2018,128,95,-999,-149.359375
08/20/2018,150,45,-999,-46.11333333333334
08/21/2018,137,75,-999,-54.66423357664234
08/22/2018,144,70,-999,-67.00694444444444
08/23/2018,136,60,-999,-55.11029411764706
08/24/2018,135,60,-999,-47.629629629629626
08/25/2018,143,65,-999,-514.8391608391609
08/26/2018,129,70,-999,-57.96124031007752
08/27/2018,129,70,-999,-330.6589147286822
08/28/2018,119,45,-999,-82.99159663865547
08/29/2018,122,50,-999,-108.92622950819673
08/30/2018,122,50,-999,-139.30327868852459
08/31/2018,119,45,-999,-248.30252100840337
09/01/2018,137,60,-999,-92.37226277372262
09/02/2018,148,115,-999,-182.7027027027027
09/03/2018,131,155,-999,-173.8091603053435
09/04/2018,122,35,-999,-72.77049180327869
09/05/2018,122,40,-999,-171.0737704918033
09/06/2018,120,30,-999,-80.15
09/07/2018,127,40,-999,-70.74015748031496
09/08/2018,138,50,-999,-70.08695652173913
09/09/2018,123,155,-999,-356.9674796747967
09/10/2018,137,155,-999,-272.036496350365
09/11/2018,120,25,-999,-71.5
09/12/2018,124,35,-999,-60.185483870967744
09/13/2018,123,35,-999,-75.11382113821138
09/14/2018,117,30,-999,-96.34188034188034
09/15/2018,132,140,-999,-141.50757575757575
09/16/2018,127,35,-999,-47.8503937007874
09/17/2018,128,40,-999,-77.8515625
09/18/2018,112,80,-999,-186.75892857142858
09/19/2018,117,45,-999,-111.92307692307692
09/20/2018,118,90,-999,-68.52542372881356
09/21/2018,114,40,-999,-649.4736842105264
09/22/2018,146,35,-999,-122.93150684931507
09/23/2018,118,60,-999,-82.48305084745763
09/24/2018,125,65,-999,-82.248
09/25/2018,116,35,-999,-72.64655172413794
09/26/2018,115,30,-999,-108.74782608695652
09/27/2018,114,40,-999,-98.43859649122807
09/28/2018,115,30,-999,-73.14782608695653
09/29/2018,132,85,-999,-88.13636363636364
09/30/2018,114,145,-999,-245.30701754385964
10/01/2018,129,45,-999,-71.01550387596899
10/02/2018,115,35,-999,-98.83478260869565
10/03/2018,113,55,-999,-51.743362831858406
10/04/2018,115,45,-999,-192.09565217391304
10/05/2018,115,70,-999,-156.6695652173913
10/06/2018,139,85,-999,-46.55395683453237
10/07/2018,120,150,-999,-191.85833333333332
10/08/2018,127,140,-999,-100.77165354330708
10/09/2018,119,85,-999,-58
10/10/2018,114,50,-999,-52.026315789473685
10/11/2018,120,55,-999,-57.775
10/12/2018,114,145,-999,-53.1140350877193
10/13/2018,123,95,-999,-77.42276422764228
10/14/2018,115,80,-999,-157.1391304347826
10/15/2018,125,140,-999,-201.64
10/16/2018,114,55,-999,-181.91228070175438
10/17/2018,119,40,-999,-166.99159663865547
10/18/2018,114,75,-999,-241.50877192982455
10/19/2018,120,55,-999,-168.30833333333334
10/20/2018,137,70,-999,-85.18248175182482
10/21/2018,120,50,-999,-167.06666666666666
10/22/2018,130,45,-999,-166.03846153846155
10/23/2018,115,30,-999,-760.1739130434783
10/24/2018,113,65,-999,-925.3539823008849
10/25/2018,115,80,-999,-283.38260869565215
10/26/2018,120,65,-999,-171.525
10/27/2018,132,55,-999,-292.6060606060606
10/28/2018,115,75,-999,-167.58260869565217
10/29/2018,121,35,-999,-183.2479338842975
10/30/2018,125,60,-999,-198.792
10/31/2018,115,65,-999,-754.4695652173913
11/01/2018,114,45,-999,-182.2982456140351
11/02/2018,123,50,-999,-102.14634146341463
11/03/2018,127,70,-999,-91.97637795275591
11/04/2018,122,90,-999,-265.6803278688525
11/05/2018,122,60,-999,-196.04918032786884
11/06/2018,114,90,-999,-257.5701754385965
11/07/2018,125,55,-999,-151.744
11/08/2018,116,70,-999,-162.74137931034483
11/09/2018,114,60,-999,-166.32456140350877
11/10/2018,123,65,-999,-153.1788617886179
11/11/2018,119,75,-999,-150.3109243697479
11/12/2018,131,60,-999,-197.18320610687022
11/13/2018,118,69,-999,-180.15254237288136
11/14/2018,123,55,-999,-293.2764227642276
11/15/2018,121,60,-999,-164.10743801652893
11/16/2018,117,50,-999,-181.4957264957265
11/17/2018,128,60,-999,-113.4609375
11/18/2018,141,180,-999,-100.04964539007092
11/19/2018,143,105,-999,-38.86013986013986
11/20/2018,138,85,-999,-49.31159420289855
11/21/2018,143,85,-999,-30.783216783216783
11/22/2018,138,60,-999,-47.971014492753625
11/23/2018,134,100,-999,-118.5
11/24/2018,141,60,-999,-42.659574468085104
11/25/2018,116,70,-999,-103.97413793103448
11/26/2018,132,65,-999,-180.24242424242425
11/27/2018,112,75,-999,-168.86607142857142
11/28/2018,118,45,-999,-164.88135593220338
11/29/2018,118,65,-999,-246.05084745762713
11/30/2018,118,80,-999,-393.66101694915255
12/01/2018,129,60,-999,-172.07751937984497
12/02/2018,113,50,-999,-173.75221238938053
12/03/2018,137,55,-999,-80.08759124087591
12/04/2018,116,70,-999,-157.33620689655172
12/05/2018,115,60,-999,-168.8695652173913
12/06/2018,122,70,-999,-152.40983606557376
12/07/2018,116,65,-999,-393.87931034482756
12/08/2018,132,85,-999,-136.81060606060606
12/09/2018,115,65,-999,-477.95652173913044
12/10/2018,136,90,-999,-102.55147058823529
12/11/2018,121,80,-999,-214.76859504132233
12/12/2018,156,70,-999,-194.6153846153846
12/13/2018,121,75,-999,-147.89256198347107
12/14/2018,120,60,-999,-166.80833333333334
12/15/2018,132,55,-999,-98.8030303030303
12/16/2018,119,90,-999,-251.78991596638656
12/17/2018,125,70,-999,-130.616
12/18/2018,150,65,-999,-137.11333333333334
12/19/2018,123,80,-999,-222.6747967479675
12/20/2018,113,40,-999,-199.67256637168143
12/21/2018,114,85,-999,-216.08771929824562
12/22/2018,123,80,-999,-96.36585365853658
12/23/2018,144,90,-999,-19.63888888888889
12/24/2018,148,105,-999,-323.18918918918916
12/25/2018,142,65,-999,-28.95774647887324
12/26/2018,139,70,-999,-87.64748201438849
12/27/2018,141,110,-999,-33.00709219858156
12/28/2018,144,95,-999,-29.708333333333332
12/29/2018,160,95,-999,-40.76875
12/30/2018,149,80,-999,-31.100671140939596
12/31/2018,134,60,-999,-52.798507462686565
01/01/2019,141,70,-999,-40.92198581560284
01/02/2019,144,120,-999,-53.486111111111114
01/03/2019,138,70,-999,-65.57246376811594
01/04/2019,138,105,-999,-62.608695652173914
01/05/2019,142,90,-999,-62.7887323943662
01/06/2019,125,85,-999,-236.936
01/07/2019,114,55,-999,-166.859649122807
01/08/2019,143,75,-999,-96.44055944055944
01/09/2019,126,65,-999,-269.25396825396825
01/10/2019,134,55,-999,-109.05970149253731
01/11/2019,118,45,-999,-161.40677966101694
01/12/2019,135,50,-999,-136.8148148148148
01/13/2019,116,60,-999,-193.05172413793105
01/14/2019,136,75,-999,-97.02941176470588
01/15/2019,116,65,-999,-171.08620689655172
01/16/2019,144,40,-999,-230.17361111111111
01/17/2019,115,75,-999,-193.49565217391304
01/18/2019,125,55,-999,-159.952
01/19/2019,129,90,-999,-107.6046511627907
01/20/2019,115,85,-999,-151.63478260869564
01/21/2019,123,95,-999,-97.21951219512195
01/22/2019,146,95,-999,-191.17123287671234
01/23/2019,120,65,-999,-150.8
01/24/2019,116,50,-999,-169.33620689655172
01/25/2019,113,65,-999,-168.52212389380531
01/26/2019,131,75,-999,-141.14503816793894
01/27/2019,113,45,-999,-190.06194690265488
01/28/2019,141,75,-999,-117.77304964539007
01/29/2019,116,85,-999,-289.62068965517244
01/30/2019,126,85,-999,-280.015873015873
01/31/2019,148,90,-999,-140.97297297297297
02/01/2019,116,55,-999,-252.7155172413793
02/02/2019,129,90,-999,-253.29457364341084
02/03/2019,119,110,-999,-154.11764705882354
02/04/2019,127,65,-999,-92.94488188976378
02/05/2019,146,55,-999,-76.57534246575342
02/06/2019,153,50,-999,-111.2483660130719
02/07/2019,115,75,-999,-156.18260869565216
02/08/2019,127,65,-999,-142.11023622047244
02/09/2019,122,20,-999,-941.1065573770492
02/10/2019,121,90,-999,-155.10743801652893
02/11/2019,124,75,-999,-235.24193548387098
02/12/2019,142,55,-999,-113.09859154929578
02/13/2019,143,75,-999,-114.77622377622377
02/14/2019,118,90,-999,-157.52542372881356
02/15/2019,119,90,-999,-145.9579831932773
02/16/2019,142,100,-999,-123.42957746478874
02/17/2019,117,110,-999,-134.05982905982907
02/18/2019,134,80,-999,-144.5
02/19/2019,145,90,-999,-84.67586206896551
02/20/2019,108,65,-999,-172.88888888888889
02/21/2019,129,110,-999,-181.89147286821705
02/22/2019,130,80,-999,-154.86153846153846
02/23/2019,124,65,-999,-119.28225806451613
02/24/2019,115,70,-999,-167.3304347826087
02/25/2019,90,65,-999,-16.955555555555556
02/26/2019,20,55,8,19.7
02/27/2019,43,65,-999,-154.5581395348837
02/27/2019,70,85,-999,-107.37142857142857
02/28/2019,118,75,-999,-177.864406779661
03/01/2019,121,85,-999,-127.26446280991736
03/02/2019,134,100,-999,-113.61194029850746
03/03/2019,128,65,-999,-139.09375
03/04/2019,124,90,-999,-103.12096774193549
03/05/2019,141,120,-999,-144.21985815602838
03/06/2019,120,60,-999,-153.21666666666667
03/07/2019,114,80,-999,-153.96491228070175
03/08/2019,115,75,-999,-156.41739130434783
03/09/2019,143,65,-999,-79.51748251748252
03/10/2019,126,70,-999,-144.05555555555554
03/11/2019,138,90,-999,-137.4855072463768
03/12/2019,129,85,-999,-197.1705426356589
03/13/2019,138,65,-999,-122.97101449275362
03/14/2019,128,85,-999,-130.984375
03/15/2019,128,75,-999,-161.28125
03/16/2019,142,80,-999,-132.23239436619718
03/17/2019,133,65,-999,-137.6015037593985
03/18/2019,147,110,-999,-72.36734693877551
03/19/2019,131,90,-999,-135.57251908396947
03/20/2019,143,90,-999,-200.3006993006993
03/21/2019,120,70,-999,-143.74166666666667
03/22/2019,120,70,-999,-201.69166666666666
03/23/2019,136,65,-999,-97.21323529411765
03/24/2019,132,65,-999,-301.59090909090907
03/25/2019,125,80,-999,-183.856
03/26/2019,124,70,-999,-340.3225806451613
03/27/2019,141,90,-999,-109.78014184397163
03/28/2019,118,90,-999,-146.05084745762713
03/29/2019,119,65,-999,-155.47058823529412
03/30/2019,131,75,-999,-73.38931297709924
03/31/2019,135,75,-999,-133.17777777777778
04/01/2019,141,70,-999,-120.94326241134752
04/02/2019,128,70,-999,-200.296875
04/03/2019,144,85,-999,-76.91666666666667
04/04/2019,115,65,-999,-145.57391304347826
04/05/2019,116,55,-999,-131.80172413793105
04/06/2019,145,50,-999,-394
04/07/2019,135,65,-999,-141.67407407407407
04/08/2019,144,45,-999,-116.02083333333333
04/09/2019,130,45,-999,-130.57692307692307
04/10/2019,126,45,-999,-147.4920634920635
04/11/2019,127,60,-999,-125.16535433070867
04/12/2019,129,50,-999,-124.05426356589147
04/13/2019,140,70,-999,-151.85
04/14/2019,130,75,-999,-189.96153846153845
04/15/2019,139,75,-999,-147.76258992805757
04/16/2019,132,75,-999,-136.67424242424244
04/17/2019,129,85,-999,-110.25581395348837
04/18/2019,128,65,-999,-218.359375
04/19/2019,126,70,-999,-243.81746031746033
04/20/2019,139,95,-999,-129.87769784172662
04/21/2019,127,60,-999,-320.9133858267717
04/22/2019,141,70,-999,-293.07801418439715
04/23/2019,129,75,-999,-176.06976744186048
04/24/2019,129,60,-999,-124.6046511627907
04/25/2019,128,60,-999,-130.3203125
04/26/2019,132,75,-999,-160.91666666666666
04/27/2019,151,65,-999,-180.0662251655629
04/28/2019,137,70,-999,-109.67883211678833
04/29/2019,142,65,-999,-293.88028169014086
